date,status,observation_count,sum_howMany_birds,pm2_5_mean,no2_mean,error
2023-01-01,200,37,386.0,3.4372,12.273200000000001,
2023-01-02,200,40,284.0,3.6872000000000007,17.601200000000006,
2023-01-03,200,55,258.0,11.711199999999998,31.222400000000004,
2023-01-04,200,9,21.0,2.734,14.873599999999996,
2023-01-05,200,29,85.0,2.6688,14.316799999999999,
2023-01-06,200,31,782.0,7.7791999999999994,32.6892,
2023-01-07,200,44,157.0,5.7728,25.91720000000001,
2023-01-08,200,43,486.0,4.144399999999999,20.7692,
2023-01-09,200,44,682.0,6.944,28.165599999999998,
2023-01-10,200,37,193.0,5.4963999999999995,22.653599999999997,
2023-01-11,200,13,26.0,3.23,20.269199999999998,
2023-01-12,200,25,395.0,1.6156,12.108399999999996,
2023-01-13,200,35,170.0,1.3284,12.4444,
2023-01-14,200,44,266.0,1.592,10.461200000000002,
2023-01-15,200,46,311.0,0.8671999999999999,8.441600000000001,
2023-01-16,200,52,186.0,2.5868,16.828400000000002,
2023-01-17,200,17,63.0,12.261599999999998,31.794799999999995,
2023-01-18,200,49,577.0,25.2616,45.28079999999999,
2023-01-19,200,48,160.0,14.7608,39.6336,
2023-01-20,200,39,618.0,27.202799999999996,41.3324,
2023-01-21,200,41,233.0,6.852399999999999,9.142400000000002,
2023-01-22,200,23,158.0,4.1004000000000005,10.486400000000003,
2023-01-23,200,29,105.0,8.548800000000002,20.6452,
2023-01-24,200,35,415.0,21.106000000000005,34.2656,
2023-01-25,200,36,511.0,25.481199999999998,46.32320000000001,
2023-01-26,200,45,212.0,15.3,30.968400000000003,
2023-01-27,200,11,30.0,7.954400000000001,16.914400000000004,
2023-01-28,200,56,404.0,5.7836,21.235200000000006,
2023-01-29,200,42,197.0,10.4484,15.614799999999995,
2023-01-30,200,20,101.0,4.1324000000000005,8.446399999999999,
2023-01-31,200,7,38.0,2.1712000000000002,10.2624,
2023-02-01,200,20,70.0,1.2536,7.378399999999999,
2023-02-02,200,37,184.0,7.784,21.9276,
2023-02-03,200,8,35.0,4.461199999999998,14.180800000000001,
2023-02-04,200,40,157.0,2.7836000000000003,13.467600000000004,
2023-02-05,200,44,285.0,16.166000000000004,50.8188,
2023-02-06,200,12,35.0,21.045999999999996,45.41840000000001,
2023-02-07,200,52,470.0,70.33320000000002,73.646,
2023-02-08,200,43,411.0,26.178799999999995,42.59439999999999,
2023-02-09,200,41,117.0,16.2244,33.8692,
2023-02-10,200,33,208.0,22.192000000000007,30.304800000000004,
2023-02-11,200,35,351.0,14.898399999999999,13.888000000000003,
2023-02-12,200,57,320.0,7.323199999999999,16.8656,
2023-02-13,200,41,244.0,12.929599999999999,29.46,
2023-02-14,200,9,36.0,33.372,57.07119999999999,
2023-02-15,200,34,161.0,36.5256,51.326800000000006,
2023-02-16,200,45,361.0,52.00200000000001,38.934,
2023-02-17,200,5,31.0,10.2568,13.743200000000002,
2023-02-18,200,39,302.0,2.6812,10.6224,
2023-02-19,200,57,405.0,2.4659999999999997,11.0968,
2023-02-20,200,34,651.0,5.079199999999999,11.925999999999998,
2023-02-21,200,28,112.0,9.6112,19.4052,
2023-02-22,200,41,312.0,21.120000000000008,29.0084,
2023-02-23,200,61,334.0,7.95,11.65,
2023-02-25,200,39,342.0,1.0050000000000001,6.576666666666667,
2023-02-26,200,59,286.0,2.6008,14.041199999999998,
2023-02-27,200,46,297.0,8.466,30.873199999999997,
2023-02-28,200,53,355.0,17.3024,41.306,
2023-03-01,200,43,260.0,21.7452,48.40639999999999,
2023-03-02,200,45,150.0,25.189199999999996,33.114000000000004,
2023-03-03,200,42,208.0,17.8976,24.412399999999995,
2023-03-04,200,64,370.0,10.19,9.51,
2023-03-05,200,54,641.0,2.4775,12.42375,
2023-03-06,200,38,119.0,6.042000000000002,24.8304,
2023-03-07,200,13,54.0,5.794,18.085199999999997,
2023-03-08,200,51,235.0,7.913200000000001,28.7956,
2023-03-09,200,20,138.0,6.959200000000001,18.2568,
2023-03-10,200,37,58.0,12.3104,25.933200000000003,
2023-03-11,200,43,2392.0,3.1284000000000005,7.4272,
2023-03-12,200,69,311.0,7.153200000000002,14.9284,
2023-03-13,200,47,318.0,2.7832000000000003,12.595599999999997,
2023-03-14,200,57,224.0,1.1548,9.0192,
2023-03-15,200,48,342.0,2.8607999999999993,11.668399999999998,
2023-03-16,200,62,288.0,6.5776,19.428799999999995,
2023-03-17,200,79,444.0,12.532,16.3196,
2023-03-18,200,76,258.0,22.3856,30.65319999999999,
2023-03-19,200,78,156.0,25.689999999999994,37.6652,
2023-03-20,200,85,219.0,9.267999999999999,16.7356,
2023-03-21,200,46,213.0,17.9748,30.803999999999995,
2023-03-22,200,70,223.0,7.4692,17.4652,
2023-03-23,200,54,109.0,2.443600000000001,14.994000000000002,
2023-03-24,200,43,142.0,3.3991999999999996,16.5396,
2023-03-25,200,53,114.0,1.9143999999999999,9.5684,
2023-03-26,200,70,210.0,2.2103999999999995,9.650799999999998,
2023-03-27,200,56,144.0,1.8284,6.356400000000001,
2023-03-28,200,68,153.0,9.393199999999998,27.650000000000006,
2023-03-29,200,49,150.0,10.343600000000002,30.807199999999998,
2023-03-30,200,40,124.0,7.512,19.726799999999997,
2023-03-31,200,36,92.0,6.838000000000001,28.816000000000003,
2023-04-01,200,75,277.0,5.993200000000001,13.018799999999997,
2023-04-02,200,66,323.0,1.9847999999999997,3.6372000000000004,
2023-04-03,200,46,370.0,1.202,5.692000000000002,
2023-04-04,200,66,113.0,5.1436,20.5364,
2023-04-05,200,37,37.0,15.898399999999999,40.7748,
2023-04-06,200,79,207.0,15.331599999999998,29.4568,
2023-04-07,200,61,152.0,7.3031999999999995,15.275599999999999,
2023-04-08,200,44,93.0,13.761199999999997,20.0804,
2023-04-09,200,43,97.0,17.370800000000003,24.561200000000003,
2023-04-10,200,62,220.0,16.428,20.450799999999994,
2023-04-11,200,40,97.0,4.4036,12.684800000000003,
2023-04-12,200,61,281.0,7.160399999999999,20.385600000000004,
2023-04-13,200,51,87.0,10.8584,33.9028,
2023-04-14,200,30,115.0,11.4536,16.851200000000002,
2023-04-15,200,71,169.0,4.260799999999999,7.1152,
2023-04-16,200,65,300.0,3.8759999999999994,6.683199999999999,
2023-04-17,200,25,81.0,5.323599999999999,7.192,
2023-04-18,200,63,286.0,8.9344,7.11,
2023-04-19,200,46,288.0,4.046000000000001,4.7008,
2023-04-20,200,53,170.0,7.725200000000001,9.710399999999998,
2023-04-21,200,75,554.0,13.356399999999999,8.914399999999999,
2023-04-22,200,85,195.0,13.2748,11.738400000000002,
2023-04-23,200,83,161.0,13.981200000000001,31.965999999999994,
2023-04-24,200,46,147.0,3.9223999999999997,13.115600000000002,
2023-04-25,200,57,184.0,2.6951999999999994,6.480000000000001,
2023-04-26,200,50,175.0,1.7007999999999996,6.920400000000001,
2023-04-27,200,58,133.0,11.4324,29.0376,
2023-04-28,200,77,843.0,19.544,31.77000000000001,
2023-04-29,200,52,104.0,10.432800000000002,9.779200000000001,
2023-04-30,200,64,155.0,4.424000000000001,14.8348,
2023-05-01,200,78,163.0,10.98,28.977999999999998,
2023-05-02,200,59,186.0,5.9124000000000025,9.7792,
2023-05-03,200,46,69.0,5.3039999999999985,21.178399999999996,
2023-05-04,200,52,106.0,6.338800000000001,15.796399999999997,
2023-05-05,200,51,136.0,5.910000000000001,4.6171999999999995,
2023-05-06,200,87,176.0,2.8583999999999996,4.64,
2023-05-07,200,77,804.0,2.208799999999999,4.148399999999999,
2023-05-08,200,72,64.0,2.9692000000000003,5.224399999999999,
2023-05-09,200,39,78.0,6.1036,5.3428,
2023-05-10,200,78,320.0,10.162799999999999,23.471200000000003,
2023-05-11,200,88,240.0,6.936399999999999,10.398000000000001,
2023-05-12,200,54,208.0,6.3768,5.8340000000000005,
2023-05-13,200,71,71.0,5.0988,9.103599999999998,
2023-05-14,200,41,58.0,4.676399999999999,10.779200000000001,
2023-05-15,200,43,89.0,6.3228,10.610399999999997,
2023-05-16,200,35,102.0,3.4496,4.6,
2023-05-17,200,61,276.0,2.0704,6.0176,
2023-05-18,200,86,195.0,2.7036000000000002,10.119200000000001,
2023-05-19,200,66,133.0,3.0240000000000005,6.391199999999999,
2023-05-20,200,64,162.0,5.0944,4.089600000000001,
2023-05-21,200,75,173.0,6.114,4.7056000000000004,
2023-05-22,200,58,123.0,6.4676,6.546800000000003,
2023-05-23,200,78,216.0,6.6659999999999995,9.012800000000002,
2023-05-24,200,55,244.0,3.5436,11.2564,
2023-05-25,200,64,238.0,3.4760000000000004,9.1744,
2023-05-26,200,92,197.0,3.7468,7.68,
2023-05-27,200,41,134.0,4.106399999999999,12.743999999999996,
2023-05-28,200,78,243.0,6.5736,14.551999999999998,
2023-05-29,200,57,120.0,2.7752,6.224,
2023-05-30,200,90,162.0,4.2059999999999995,9.0444,
2023-05-31,200,65,174.0,4.6272,16.5292,
2023-06-01,200,42,108.0,3.1535999999999995,4.6156,
2023-06-02,200,33,132.0,2.0856,4.138,
2023-06-03,200,63,482.0,1.5355999999999996,5.075199999999999,
2023-06-04,200,65,269.0,4.189199999999999,9.106,
2023-06-05,200,62,217.0,5.6808000000000005,8.4104,
2023-06-06,200,75,169.0,6.1784,9.640400000000001,
2023-06-07,200,36,103.0,5.1132,5.971200000000001,
2023-06-08,200,71,148.0,5.1124,6.3564,
2023-06-09,200,41,143.0,4.876399999999999,4.8872,
2023-06-10,200,39,127.0,4.670400000000001,3.2852000000000006,
2023-06-11,200,81,182.0,3.2631999999999994,3.858,
2023-06-12,200,74,283.0,3.8383999999999996,5.529600000000001,
2023-06-13,200,43,96.0,3.1416000000000004,4.820399999999999,
2023-06-14,200,35,48.0,4.46,3.946,
2023-06-15,200,80,486.0,3.9799999999999995,8.2376,
2023-06-16,200,43,82.0,4.224,10.840399999999997,
2023-06-17,200,71,180.0,6.8,10.328,
2023-06-18,200,69,138.0,7.865600000000001,18.4648,
2023-06-19,200,41,69.0,9.623199999999999,16.282799999999998,
2023-06-20,200,54,192.0,15.2624,21.453599999999998,
2023-06-21,200,85,5255.0,8.4056,13.3028,
2023-06-22,200,40,97.0,6.046399999999998,7.6171999999999995,
2023-06-23,200,36,60.0,2.4356000000000004,4.4872,
2023-06-24,200,47,82.0,3.6296,8.306799999999999,
2023-06-25,200,73,188.0,8.115999999999998,15.582400000000005,
2023-06-26,200,28,73.0,7.6091999999999995,9.176400000000003,
2023-06-27,200,72,203.0,3.241999999999999,3.7816,
2023-06-28,200,16,144.0,2.8216,8.557599999999999,
2023-06-29,200,52,1159.0,9.314,26.97,
2023-06-30,200,20,67.0,7.274799999999999,14.487599999999997,
2023-07-01,200,39,198.0,3.1071999999999997,7.106000000000002,
2023-07-02,200,59,197.0,3.3884,3.4712,
2023-07-03,200,51,303.0,3.5416000000000003,8.656,
2023-07-04,200,69,138.0,4.226,13.359599999999999,
2023-07-05,200,69,170.0,3.297599999999999,7.7264,
2023-07-06,200,77,187.0,4.51,12.080800000000002,
2023-07-07,200,64,364.0,9.093599999999999,23.5212,
2023-07-08,200,60,160.0,8.0608,7.191200000000002,
2023-07-09,200,78,112.0,6.2204,4.86,
2023-07-10,200,12,65.0,5.9456,9.914799999999998,
2023-07-11,200,30,151.0,4.7516,10.758400000000002,
2023-07-12,200,55,193.0,3.7552000000000003,5.446000000000001,
2023-07-13,200,38,249.0,4.4336,6.7576,
2023-07-14,200,38,77.0,5.3628,11.203199999999999,
2023-07-15,200,35,144.0,6.705999999999998,6.638799999999999,
2023-07-16,200,45,1919.0,3.5619999999999994,9.431600000000001,
2023-07-17,200,20,124.0,3.3,7.635200000000001,
2023-07-18,200,43,116.0,4.7084,9.2984,
2023-07-19,200,42,231.0,6.348400000000002,12.7368,
2023-07-20,200,1,3.0,2.3404,6.2852,
2023-07-21,200,29,330.0,5.9908,19.378400000000006,
2023-07-22,200,74,433.0,3.8036000000000008,10.8148,
2023-07-23,200,53,244.0,2.970799999999999,8.688799999999999,
2023-07-24,200,22,117.0,1.2375999999999998,7.1712,
2023-07-25,200,79,173.0,2.7835999999999994,3.8928,
2023-07-26,200,38,80.0,1.7383999999999997,5.0624,
2023-07-27,200,41,218.0,3.6412,9.482,
2023-07-28,200,38,260.0,2.286,8.3172,
2023-07-29,200,19,67.0,4.4563999999999995,9.564799999999998,
2023-07-30,200,62,302.0,4.4700000000000015,5.095599999999999,
2023-07-31,200,18,64.0,2.8043999999999993,7.317199999999999,
2023-08-01,200,48,649.0,1.8132000000000001,7.5428,
2023-08-02,200,29,555.0,2.6735999999999995,7.972000000000001,
2023-08-03,200,41,1181.0,1.72,5.3788,
2023-08-04,200,51,798.0,4.2116,10.61,
2023-08-05,200,70,224.0,2.8552000000000004,7.0672000000000015,
2023-08-06,200,36,112.0,2.2468,5.484000000000001,
2023-08-07,200,18,86.0,1.7448,3.8072000000000004,
2023-08-08,200,51,1422.0,2.5723999999999996,5.098,
2023-08-09,200,9,11.0,3.0372000000000003,9.29,
2023-08-10,200,67,935.0,3.7171999999999996,16.5648,
2023-08-11,200,61,152.0,9.735999999999997,31.419599999999996,
2023-08-12,200,50,988.0,10.408800000000001,12.1108,
2023-08-13,200,39,144.0,8.6912,21.0548,
2023-08-14,200,35,82.0,9.3148,19.319200000000002,
2023-08-15,200,23,336.0,15.2172,18.686400000000003,
2023-08-16,200,54,106.0,6.5028,7.371600000000001,
2023-08-17,200,63,2213.0,4.242000000000001,4.945200000000001,
2023-08-18,200,55,142.0,12.234799999999998,8.0148,
2023-08-19,200,45,146.0,20.746399999999994,18.186,
2023-08-20,200,0,0.0,12.0896,8.2208,
2023-08-21,200,35,288.0,6.227200000000002,9.8976,
2023-08-22,200,72,119.0,7.9768,24.7624,
2023-08-23,200,51,145.0,8.910000000000002,20.0652,
2023-08-24,200,35,152.0,10.5736,23.677599999999998,
2023-08-25,200,54,187.0,11.640799999999999,14.9992,
2023-08-26,200,20,428.0,7.7456,18.270400000000006,
2023-08-27,200,40,170.0,9.4308,24.436400000000006,
2023-08-28,200,58,430.0,4.692000000000001,11.810400000000001,
2023-08-29,200,44,120.0,4.206,7.646399999999999,
2023-08-30,200,80,302.0,6.8308,21.122400000000003,
2023-08-31,200,37,147.0,4.402400000000001,9.299999999999999,
2023-09-01,200,56,196.0,15.758,25.930800000000005,
2023-09-02,200,63,490.0,13.948400000000001,21.2808,
2023-09-03,200,50,336.0,4.5536,13.938400000000001,
2023-09-04,200,65,212.0,14.8816,40.1192,
2023-09-05,200,12,35.0,9.714400000000001,21.298000000000002,
2023-09-06,200,58,247.0,14.6412,20.861600000000003,
2023-09-07,200,47,197.0,14.390000000000002,11.408,
2023-09-08,200,17,48.0,19.1484,15.3544,
2023-09-09,200,16,90.0,16.4816,22.534800000000004,
2023-09-10,200,26,70.0,21.054000000000006,34.0228,
2023-09-11,200,51,402.0,36.86160000000001,62.657999999999994,
2023-09-12,200,18,30.0,28.385199999999994,36.152,
2023-09-13,200,49,192.0,10.193599999999998,9.2624,
2023-09-14,200,46,220.0,3.4036,15.4388,
2023-09-15,200,54,265.0,5.081199999999998,10.786,
2023-09-16,200,61,317.0,15.4156,21.029999999999994,
2023-09-17,200,61,401.0,24.2592,20.372800000000005,
2023-09-18,200,62,228.0,10.573999999999998,13.835999999999999,
2023-09-19,200,46,502.0,2.2176,8.3996,
2023-09-20,200,44,141.0,3.617199999999999,13.517199999999997,
2023-09-21,200,26,56.0,9.323199999999998,14.920400000000006,
2023-09-22,200,44,1083.0,4.7652,17.502,
2023-09-23,200,51,188.0,2.9608,11.686399999999999,
2023-09-24,200,54,971.0,8.0316,25.3152,
2023-09-25,200,30,58.0,10.694399999999998,25.868799999999997,
2023-09-26,200,71,719.0,21.956000000000003,19.871199999999998,
2023-09-27,200,74,697.0,30.864399999999996,27.939199999999996,
2023-09-28,200,48,287.0,29.541200000000003,45.4184,
2023-09-29,200,68,532.0,24.459199999999996,36.15,
2023-09-30,200,48,342.0,7.61,7.28,
2023-10-02,200,74,671.0,12.207916666666668,36.58583333333333,
2023-10-03,200,60,649.0,8.122,13.421199999999999,
2023-10-04,200,43,616.0,2.9676,10.056399999999998,
2023-10-05,200,35,268.0,3.6564000000000014,12.046800000000001,
2023-10-06,200,66,469.0,7.2324,13.6144,
2023-10-07,200,15,64.0,4.7316,8.134400000000001,
2023-10-08,200,61,449.0,5.518,19.6672,
2023-10-09,200,58,1369.0,6.613200000000001,26.498800000000003,
2023-10-10,200,61,238.0,5.3044,21.407200000000003,
2023-10-11,200,50,697.0,12.898000000000001,11.957199999999998,
2023-10-12,200,48,290.0,7.4815999999999985,21.9996,
2023-10-13,200,61,189.0,9.315599999999998,16.754399999999997,
2023-10-14,200,72,823.0,3.2707999999999986,4.874,
2023-10-15,200,49,272.0,1.3844,4.416800000000001,
2023-10-16,200,38,470.0,6.194400000000001,19.452,
2023-10-17,200,24,122.0,37.421200000000006,59.168800000000005,
2023-10-18,200,63,187.0,27.532799999999998,37.6156,
2023-10-19,200,25,240.0,18.374800000000004,11.075199999999997,
2023-10-20,200,19,124.0,5.242400000000001,7.162399999999999,
2023-10-21,200,46,227.0,6.115200000000001,18.926399999999997,
2023-10-22,200,73,1028.0,3.89,17.293599999999998,
2023-10-23,200,69,937.0,15.0472,24.636000000000003,
2023-10-24,200,59,662.0,12.510400000000002,19.870800000000003,
2023-10-25,200,60,358.0,15.5524,23.750400000000003,
2023-10-26,200,30,909.0,7.759200000000001,14.672000000000004,
2023-10-27,200,47,266.0,6.07,13.749200000000004,
2023-10-28,200,55,303.0,4.692800000000002,21.948,
2023-10-29,200,52,417.0,1.1668000000000003,10.1236,
2023-10-30,200,62,398.0,2.9747999999999997,18.8812,
2023-10-31,200,55,448.0,3.4472000000000005,13.715200000000003,
2023-11-01,200,66,286.0,4.106800000000001,25.014400000000002,
2023-11-02,200,79,243.0,5.700399999999999,19.643600000000003,
2023-11-03,200,67,283.0,4.61,29.2004,
2023-11-04,200,64,644.0,1.5164,11.6012,
2023-11-05,200,68,420.0,0.9755999999999999,10.8748,
2023-11-06,200,47,537.0,1.0924,11.464799999999999,
2023-11-07,200,63,439.0,1.5792,15.837200000000001,
2023-11-08,200,41,265.0,1.6192000000000002,15.346799999999998,
2023-11-09,200,46,407.0,2.3768000000000002,18.013199999999998,
2023-11-10,200,45,4331.0,2.8612,27.798000000000002,
2023-11-11,200,49,257.0,4.253999999999999,23.415599999999994,
2023-11-12,200,62,433.0,6.6348,26.842000000000002,
2023-11-13,200,51,184.0,7.044400000000001,26.815200000000004,
2023-11-14,200,29,240.0,1.1451999999999998,9.6648,
2023-11-15,200,0,0.0,6.675200000000001,21.183600000000002,
2023-11-16,200,45,635.0,3.1532000000000004,19.7956,
2023-11-17,200,47,248.0,2.3916000000000004,11.2004,
2023-11-18,200,82,410.0,4.093999999999999,19.7796,
2023-11-19,200,61,244.0,2.6560000000000006,12.893600000000001,
2023-11-20,200,34,115.0,3.0196000000000005,20.574000000000005,
2023-11-21,200,31,284.0,7.288,14.589600000000003,
2023-11-22,200,52,339.0,11.6296,34.3344,
2023-11-23,200,37,213.0,3.690400000000001,10.591599999999998,
2023-11-24,200,37,214.0,0.6316,5.5283999999999995,
2023-11-25,200,52,392.0,1.8704000000000003,11.657599999999997,
2023-11-26,200,54,282.0,8.894400000000001,30.4436,
2023-11-27,200,61,530.0,16.593599999999995,37.6244,
2023-11-28,200,38,239.0,5.071999999999999,18.5664,
2023-11-29,200,11,54.0,4.066400000000001,22.1648,
2023-11-30,200,53,665.0,33.2968,56.104,
2023-12-01,200,26,239.0,25.284000000000002,40.305200000000006,
2023-12-02,200,37,416.0,7.6564,22.200800000000005,
2023-12-03,200,54,210.0,11.9648,28.178399999999993,
2023-12-04,200,44,226.0,12.812399999999998,32.092400000000005,
2023-12-05,200,35,314.0,12.430800000000001,23.531599999999997,
2023-12-06,200,15,38.0,18.8984,32.970400000000005,
2023-12-07,200,39,544.0,27.191999999999997,34.01240000000001,
2023-12-08,200,47,213.0,14.903999999999998,31.6204,
2023-12-09,200,50,356.0,15.874800000000004,34.1396,
2023-12-10,200,50,619.0,3.4735999999999994,16.385199999999998,
2023-12-11,200,38,237.0,1.8092000000000001,15.376000000000001,
2023-12-12,200,38,166.0,11.599200000000002,27.911199999999997,
2023-12-13,200,28,541.0,10.6204,22.592,
2023-12-14,200,56,612.0,10.9548,23.894000000000002,
2023-12-15,200,43,723.0,11.352399999999996,28.065200000000008,
2023-12-16,200,62,344.0,7.5771999999999995,16.337200000000003,
2023-12-17,200,48,211.0,7.082800000000001,14.695199999999998,
2023-12-18,200,28,99.0,8.4156,17.656399999999998,
2023-12-19,200,18,100.0,6.385599999999999,16.588,
2023-12-20,200,24,193.0,2.1628,11.027999999999999,
2023-12-21,200,0,0.0,0.904,8.5764,
2023-12-22,200,21,130.0,0.5588000000000001,4.643199999999999,
2023-12-23,200,29,129.0,0.7528,6.897600000000001,
2023-12-24,200,1,1.0,1.9495999999999996,13.287999999999997,
2023-12-25,200,52,381.0,1.1632,9.304400000000001,
2023-12-26,200,32,610.0,1.2919999999999998,9.7748,
2023-12-27,200,54,305.0,5.138400000000001,25.041999999999998,
2023-12-28,200,46,171.0,2.7456,13.456399999999999,
2023-12-29,200,42,443.0,1.1735999999999998,9.730400000000001,
2023-12-30,200,55,500.0,1.6172,15.604399999999998,
2023-12-31,200,47,712.0,4.378399999999999,22.3656,
2024-01-01,200,67,419.0,2.3156,20.3176,
2024-01-02,200,37,225.0,3.656399999999999,25.918000000000003,
2024-01-03,200,58,396.0,0.9420000000000001,11.4748,
2024-01-04,200,31,581.0,1.3239999999999998,14.422,
2024-01-05,200,41,281.0,3.4396000000000004,15.216399999999998,
2024-01-06,200,56,696.0,5.4976,9.98,
2024-01-07,200,60,596.0,3.6543999999999994,9.5056,
2024-01-08,200,52,174.0,6.1568,18.863200000000003,
2024-01-09,200,32,351.0,6.31,14.91,
2024-01-10,200,51,1229.0,22.397499999999997,43.19041666666667,
2024-01-11,200,29,273.0,11.806799999999996,28.191599999999994,
2024-01-12,200,35,128.0,13.222799999999996,25.2252,
2024-01-13,200,47,577.0,3.3004,9.3136,
2024-01-14,200,65,1020.0,1.7756,9.1412,
2024-01-15,200,4,308.0,1.3072,10.094399999999998,
2024-01-16,200,30,137.0,3.3407999999999998,19.602800000000002,
2024-01-17,200,43,736.0,18.42,44.185199999999995,
2024-01-18,200,48,410.0,22.48999999999999,40.7164,
2024-01-19,200,54,346.0,6.237199999999998,18.288,
2024-01-20,200,44,211.0,11.613599999999998,20.645599999999998,
2024-01-21,200,37,218.0,8.161200000000001,21.16000000000001,
2024-01-22,200,21,234.0,3.2188,12.076799999999999,
2024-01-23,200,42,431.0,2.0816,12.983600000000001,
2024-01-24,200,33,361.0,1.0568,6.2752,
2024-01-25,200,33,265.0,2.1675999999999997,9.027199999999999,
2024-01-26,200,38,416.0,7.673199999999998,22.48120000000001,
2024-01-27,200,50,203.0,3.512,10.9992,
2024-01-28,200,58,308.0,18.822000000000003,33.4984,
2024-01-29,200,43,176.0,15.633199999999999,45.85759999999999,
2024-01-30,200,60,348.0,19.732,41.51200000000001,
2024-01-31,200,38,99.0,4.396,19.3976,
2024-02-01,200,59,326.0,3.512400000000001,9.462,
2024-02-02,200,59,691.0,7.161600000000001,16.505999999999993,
2024-02-03,200,45,342.0,2.962799999999999,7.700399999999999,
2024-02-04,200,38,452.0,1.6547999999999998,6.419999999999999,
2024-02-05,200,22,376.0,2.2136,9.410000000000002,
2024-02-06,200,38,377.0,1.9036000000000004,9.9664,
2024-02-07,200,37,283.0,4.826,24.261200000000002,
2024-02-08,200,31,621.0,22.1856,57.104400000000005,
2024-02-09,200,33,103.0,9.476799999999999,28.358,
2024-02-10,200,53,673.0,9.0536,24.796800000000008,
2024-02-11,200,32,137.0,13.1916,16.6024,
2024-02-12,200,51,903.0,5.8439999999999985,17.493199999999998,
2024-02-13,200,51,674.0,12.142000000000005,27.0132,
2024-02-14,200,23,131.0,8.101600000000001,29.393199999999993,
2024-02-15,200,57,532.0,5.5752,28.638399999999997,
2024-02-16,200,59,440.0,7.9808,23.7368,
2024-02-17,200,68,429.0,8.5472,22.932000000000002,
2024-02-18,200,54,171.0,15.2512,32.96279999999999,
2024-02-19,200,46,334.0,2.5219999999999994,12.704400000000003,
2024-02-20,200,59,479.0,3.2803999999999998,12.1428,
2024-02-21,200,47,285.0,8.044799999999999,20.872,
2024-02-22,200,32,80.0,2.407600000000001,16.375199999999996,
2024-02-23,200,62,207.0,3.2496000000000005,24.8412,
2024-02-24,200,78,377.0,7.04,31.31160000000001,
2024-02-25,200,63,318.0,13.186,40.072,
2024-02-26,200,45,190.0,14.738400000000006,22.960000000000004,
2024-02-27,200,29,323.0,16.150000000000002,10.825999999999999,
2024-02-28,200,57,360.0,18.112000000000002,35.9452,
2024-02-29,200,47,118.0,20.1676,29.323199999999996,
2024-03-01,200,50,276.0,37.72,36.1848,
2024-03-02,200,64,317.0,23.487599999999997,28.767599999999995,
2024-03-03,200,76,1317.0,8.123600000000001,12.6528,
2024-03-04,200,49,181.0,24.2344,11.4056,
2024-03-05,200,23,96.0,10.772,19.892400000000002,
2024-03-06,200,47,184.0,13.202,19.5172,
2024-03-07,200,38,133.0,17.5808,16.3208,
2024-03-08,200,57,194.0,18.3068,14.353200000000005,
2024-03-09,200,66,190.0,14.7376,11.947200000000002,
2024-03-10,200,71,168.0,8.4544,7.9243999999999994,
2024-03-11,200,43,122.0,8.690000000000001,28.146800000000002,
2024-03-12,200,44,132.0,13.220399999999998,30.208,
2024-03-13,200,65,121.0,17.239200000000004,34.9308,
2024-03-14,200,36,203.0,11.988399999999999,34.743199999999995,
2024-03-15,200,56,290.0,7.853600000000001,25.3308,
2024-03-16,200,78,326.0,2.3068,8.603200000000001,
2024-03-17,200,76,296.0,2.6571999999999996,11.290000000000003,
2024-03-18,200,64,228.0,4.4315999999999995,15.772,
2024-03-19,200,70,335.0,10.264800000000001,24.464800000000004,
2024-03-20,200,47,349.0,30.463999999999995,48.955600000000004,
2024-03-21,200,22,148.0,16.837200000000006,30.447999999999993,
2024-03-22,200,48,161.0,10.9072,24.956799999999998,
2024-03-23,200,40,140.0,3.8939999999999997,10.0676,
2024-03-24,200,59,161.0,2.4984000000000006,12.043199999999999,
2024-03-25,200,60,198.0,8.486799999999999,27.142399999999995,
2024-03-26,200,77,289.0,8.8624,21.213199999999997,
2024-03-27,200,74,202.0,9.7468,14.754399999999997,
2024-03-28,200,62,160.0,3.311199999999998,11.600399999999997,
2024-03-29,200,47,123.0,3.8696,23.394000000000002,
2024-03-30,200,37,211.0,11.825999999999999,23.6444,
2024-03-31,200,44,105.0,19.7024,32.873999999999995,
2024-04-01,200,63,151.0,12.9256,16.3172,
2024-04-02,200,13,22.0,2.418800000000001,8.1604,
2024-04-03,200,38,102.0,4.0988,17.054399999999998,
2024-04-04,200,25,109.0,2.3531999999999997,12.194399999999998,
2024-04-05,200,56,258.0,3.2159999999999993,12.796800000000001,
2024-04-06,200,76,293.0,4.7404,16.574800000000003,
2024-04-07,200,66,255.0,10.4404,28.494,
2024-04-08,200,19,58.0,22.5336,33.0588,
2024-04-09,200,56,142.0,13.7216,14.608800000000004,
2024-04-10,200,45,82.0,3.5351999999999997,21.753200000000003,
2024-04-11,200,67,261.0,5.3968,16.773600000000005,
2024-04-12,200,56,185.0,6.562800000000001,15.1692,
2024-04-13,200,52,100.0,10.709200000000001,11.553600000000001,
2024-04-14,200,75,233.0,4.235599999999999,8.131200000000002,
2024-04-15,200,29,78.0,2.992,13.265999999999998,
2024-04-16,200,17,40.0,1.0692,6.935200000000001,
2024-04-17,200,55,411.0,3.0516,10.992800000000003,
2024-04-18,200,70,138.0,3.242400000000001,14.107200000000002,
2024-04-19,200,40,461.0,2.2643999999999997,13.2804,
2024-04-20,200,91,256.0,1.6983999999999997,6.943600000000001,
2024-04-21,200,75,263.0,3.5088,10.901599999999998,
2024-04-22,200,26,52.0,6.6972000000000005,33.0876,
2024-04-23,200,23,36.0,8.684,35.356,
2024-04-24,200,28,85.0,11.6472,37.9992,
2024-04-25,200,19,59.0,8.732800000000001,32.467200000000005,
2024-04-26,200,89,235.0,9.0944,38.72760000000001,
2024-04-27,200,97,336.0,7.9172,18.4492,
2024-04-28,200,73,183.0,5.540400000000001,11.655999999999999,
2024-04-29,200,84,193.0,7.7799999999999985,24.042800000000007,
2024-04-30,200,79,168.0,11.477600000000002,11.298000000000002,
2024-05-01,200,80,160.0,8.074,5.8536,
2024-05-02,200,73,265.0,4.858799999999999,5.756,
2024-05-03,200,51,172.0,3.2296000000000005,12.526800000000001,
2024-05-04,200,110,418.0,4.4444,21.372000000000003,
2024-05-05,200,81,200.0,2.7887999999999993,7.937199999999998,
2024-05-06,200,57,93.0,2.1608,7.023999999999997,
2024-05-07,200,79,157.0,3.0359999999999996,9.1592,
2024-05-08,200,73,174.0,4.326400000000001,7.656799999999999,
2024-05-09,200,63,154.0,9.243200000000002,29.633999999999997,
2024-05-10,200,87,172.0,6.4916,28.847600000000003,
2024-05-11,200,73,140.0,4.978,11.994799999999996,
2024-05-12,200,49,74.0,2.9224,4.714800000000001,
2024-05-13,200,49,157.0,6.4479999999999995,6.138400000000001,
2024-05-14,200,63,137.0,6.8016,5.8852,
2024-05-15,200,74,284.0,4.332400000000001,4.816000000000002,
2024-05-16,200,37,157.0,4.492800000000001,5.134799999999999,
2024-05-17,200,70,237.0,3.9915999999999996,7.1196,
2024-05-18,200,79,190.0,3.6515999999999997,11.185599999999999,
2024-05-19,200,71,161.0,6.626,22.5312,
2024-05-20,200,68,315.0,5.657999999999999,15.2204,
2024-05-21,200,79,189.0,4.1484000000000005,4.814,
2024-05-22,200,59,195.0,6.04,9.8876,
2024-05-23,200,74,204.0,4.4876,15.341600000000001,
2024-05-24,200,62,237.0,3.588399999999999,8.5748,
2024-05-25,200,81,251.0,5.7224,16.1444,
2024-05-26,200,73,156.0,5.7639999999999985,13.7104,
2024-05-27,200,68,180.0,7.4872000000000005,25.2188,
2024-05-28,200,16,31.0,6.8740000000000006,24.5596,
2024-05-29,200,45,176.0,4.1415999999999995,19.358400000000003,
2024-05-30,200,53,107.0,2.9328000000000003,16.508799999999997,
2024-05-31,200,86,254.0,5.3656000000000015,17.8596,
2024-06-01,200,64,142.0,4.945200000000001,3.5468,
2024-06-02,200,59,149.0,5.267600000000001,3.7144000000000013,
2024-06-03,200,54,170.0,3.2452000000000005,5.352800000000001,
2024-06-04,200,65,212.0,3.4075999999999995,12.5064,
2024-06-05,200,66,137.0,3.6216000000000004,11.6,
2024-06-06,200,45,234.0,2.5952,14.1556,
2024-06-07,200,41,124.0,4.214799999999999,16.9792,
2024-06-08,200,64,3158.0,5.6844,11.000400000000003,
2024-06-09,200,79,283.0,1.7087999999999999,5.628399999999999,
2024-06-10,200,50,93.0,2.7303999999999995,15.934800000000001,
2024-06-11,200,24,52.0,1.0972,5.516799999999998,
2024-06-12,200,41,137.0,0.9052000000000002,6.2272,
2024-06-13,200,41,147.0,1.764,13.347999999999997,
2024-06-14,200,45,113.0,3.1496,12.6656,
2024-06-15,200,27,53.0,2.9324,12.3792,
2024-06-16,200,68,204.0,3.665200000000001,17.809199999999997,
2024-06-17,200,54,94.0,2.9895999999999994,19.049200000000003,
2024-06-18,200,53,70.0,2.8283999999999994,14.3916,
2024-06-19,200,20,50.0,3.1927999999999996,9.864000000000003,
2024-06-20,200,61,310.0,4.912,11.116800000000001,
2024-06-21,200,15,17.0,8.380799999999999,15.114799999999997,
2024-06-22,200,26,68.0,3.421200000000001,4.7852,
2024-06-23,200,52,133.0,5.654799999999999,6.587200000000001,
2024-06-24,200,47,114.0,3.3715999999999995,7.565999999999998,
2024-06-25,200,58,236.0,4.9556000000000004,8.0516,
2024-06-26,200,57,197.0,6.780400000000001,6.722799999999999,
2024-06-27,200,46,278.0,7.3992,19.8028,
2024-06-28,200,44,110.0,5.900400000000001,9.971200000000003,
2024-06-29,200,71,241.0,7.200000000000001,10.573200000000002,
2024-06-30,200,40,204.0,3.9316000000000004,4.569599999999999,
2024-07-01,200,31,88.0,2.4784,5.166,
2024-07-02,200,58,297.0,0.9428000000000002,3.9328,
2024-07-03,200,39,60.0,1.0244,5.1903999999999995,
2024-07-04,200,35,449.0,2.0416000000000003,7.7780000000000005,
2024-07-05,200,30,338.0,2.1208,8.0112,
2024-07-06,200,49,108.0,1.7527999999999997,5.0712,
2024-07-07,200,50,99.0,1.784,8.000399999999999,
2024-07-08,200,29,134.0,2.9952000000000005,10.015999999999998,
2024-07-09,200,50,147.0,6.3284,6.2547999999999995,
2024-07-10,200,29,91.0,8.509999999999998,10.243200000000002,
2024-07-11,200,45,618.0,4.9464,15.2836,
2024-07-12,200,25,126.0,3.5603999999999996,7.940399999999999,
2024-07-13,200,41,172.0,2.3404000000000003,7.302400000000001,
2024-07-14,200,44,466.0,2.4819999999999998,11.125199999999998,
2024-07-15,200,63,755.0,4.466400000000001,11.064799999999998,
2024-07-16,200,33,141.0,5.6263999999999985,10.6196,
2024-07-17,200,56,195.0,1.6428,5.571600000000001,
2024-07-18,200,55,781.0,2.3748,9.7188,
2024-07-19,200,15,57.0,4.9968,10.6588,
2024-07-20,200,49,216.0,4.962400000000001,4.1107999999999985,
2024-07-21,200,36,131.0,7.7736,11.3604,
2024-07-22,200,21,275.0,10.16,23.65,
2024-07-25,200,63,908.0,2.6579166666666665,10.460833333333333,
2024-07-26,200,51,288.0,5.543200000000001,11.390400000000001,
2024-07-27,200,21,37.0,6.524400000000001,11.744399999999995,
2024-07-28,200,47,400.0,2.0488,3.448799999999999,
2024-07-29,200,28,65.0,1.8903999999999994,5.871999999999999,
2024-07-30,200,35,472.0,8.273600000000002,18.776399999999995,
2024-07-31,200,36,2881.0,8.152000000000001,10.561599999999999,
2024-08-01,200,59,571.0,6.755999999999999,8.1284,
2024-08-02,200,29,486.0,4.2792,8.4332,
2024-08-03,200,38,74.0,3.8996,17.979200000000002,
2024-08-04,200,28,230.0,2.5256000000000007,8.304400000000001,
2024-08-05,200,44,854.0,1.9711999999999998,-389.5636,
2024-08-06,200,47,326.0,5.684000000000001,18.360400000000002,
2024-08-07,200,60,598.0,8.465200000000003,16.0092,
2024-08-08,200,61,308.0,4.638400000000001,13.108799999999999,
2024-08-09,200,29,126.0,4.4808,13.7248,
2024-08-10,200,55,331.0,4.65,-393.49760000000003,
2024-08-11,200,43,129.0,3.907200000000001,-392.65160000000003,
2024-08-12,200,27,119.0,7.194,17.182000000000002,
2024-08-13,200,48,363.0,6.5527999999999995,6.362799999999998,
2024-08-14,200,38,227.0,10.5744,8.881600000000002,
2024-08-15,200,26,131.0,14.255199999999995,16.054799999999997,
2024-08-16,200,49,245.0,8.033600000000002,17.785199999999996,
2024-08-17,200,26,852.0,5.981600000000001,10.771999999999997,
2024-08-18,200,36,82.0,3.538400000000001,4.831199999999999,
2024-08-19,200,49,144.0,3.435199999999999,11.611600000000001,
2024-08-20,200,57,246.0,5.903599999999999,14.1436,
2024-08-21,200,53,647.0,3.5436000000000005,5.781999999999999,
2024-08-22,200,47,327.0,3.5232000000000006,11.969599999999998,
2024-08-23,200,59,244.0,6.4319999999999995,9.732000000000001,
2024-08-24,200,16,47.0,6.460000000000001,10.0164,
2024-08-25,200,56,334.0,4.259200000000002,10.623999999999999,
2024-08-26,200,53,117.0,6.8636,28.696000000000005,
2024-08-27,200,47,103.0,21.7328,32.9088,
2024-08-28,200,34,89.0,17.128399999999996,12.019999999999998,
2024-08-29,200,23,446.0,17.207199999999997,32.2432,
2024-08-30,200,50,927.0,13.602800000000002,10.3972,
2024-08-31,200,28,79.0,4.171200000000001,4.2924,
2024-09-01,200,70,293.0,2.6635999999999997,6.473599999999999,
2024-09-02,200,56,239.0,7.0024,10.482399999999998,
2024-09-03,200,48,514.0,11.8808,13.890800000000002,
2024-09-04,200,31,121.0,11.845600000000001,10.816400000000002,
2024-09-05,200,29,125.0,6.874,4.3448,
2024-09-06,200,48,175.0,8.782800000000002,9.376,
2024-09-07,200,62,502.0,8.8836,9.713600000000001,
2024-09-08,200,56,283.0,8.361200000000002,16.5172,
2024-09-09,200,38,197.0,8.86,17.65,
2024-09-10,200,46,230.0,2.0941666666666663,10.507083333333332,
2024-09-11,200,45,118.0,1.9412,14.3092,
2024-09-12,200,43,170.0,4.6308,23.141200000000005,
2024-09-13,200,48,119.0,1.9584000000000001,9.082400000000002,
2024-09-14,200,42,180.0,0.5624,2.7628,
2024-09-15,200,67,1090.0,0.8171999999999998,2.968,
2024-09-16,200,34,1003.0,2.1612,5.0604000000000005,
2024-09-17,200,44,121.0,12.194400000000003,8.191199999999998,
2024-09-18,200,48,442.0,11.964399999999998,9.7232,
2024-09-19,200,70,436.0,9.690799999999998,6.9132,
2024-09-20,200,57,340.0,8.296799999999998,7.672799999999999,
2024-09-21,200,52,251.0,12.9032,8.852000000000002,
2024-09-22,200,80,857.0,17.157600000000002,13.841200000000004,
2024-09-23,200,54,707.0,19.7176,26.971999999999998,
2024-09-24,200,35,247.0,13.577200000000003,21.3852,
2024-09-25,200,36,112.0,1.3112000000000001,14.418800000000001,
2024-09-26,200,50,173.0,1.2604,9.711599999999999,
2024-09-27,200,48,424.0,0.6508000000000002,6.295999999999999,
2024-09-28,200,53,541.0,0.6335999999999999,4.3464,
2024-09-29,200,68,555.0,4.0196,21.0988,
2024-09-30,200,43,347.0,3.3852,9.6776,
2024-10-01,200,43,656.0,8.794,15.140800000000002,
2024-10-02,200,28,258.0,5.023999999999999,8.298800000000002,
2024-10-03,200,79,592.0,0.7404,4.8796,
2024-10-04,200,65,815.0,0.9408000000000001,5.6996,
2024-10-05,200,71,705.0,3.7224,16.6964,
2024-10-06,200,70,740.0,6.9159999999999995,19.703999999999997,
2024-10-07,200,50,634.0,9.2148,26.7252,
2024-10-08,200,56,704.0,14.9124,31.092799999999997,
2024-10-09,200,64,728.0,3.6167999999999996,16.45,
2024-10-10,200,52,830.0,1.3959999999999997,8.213599999999996,
2024-10-11,200,72,662.0,2.4884,16.206799999999998,
2024-10-12,200,63,939.0,4.891999999999999,17.824,
2024-10-13,200,50,937.0,1.1987999999999999,4.839600000000001,
2024-10-14,200,58,192.0,1.3192,9.924,
2024-10-15,200,76,721.0,6.3831999999999995,29.958799999999997,
2024-10-16,200,70,971.0,8.9916,9.780400000000002,
2024-10-17,200,73,1019.0,6.382000000000001,12.0748,
2024-10-18,200,48,618.0,9.3332,14.586400000000001,
2024-10-19,200,70,673.0,10.6724,18.7544,
2024-10-20,200,71,419.0,15.421600000000002,19.192400000000003,
2024-10-21,200,50,451.0,13.0252,29.488000000000007,
2024-10-22,200,59,1196.0,9.876000000000001,22.520000000000003,
2024-10-23,200,75,940.0,13.4248,31.83,
2024-10-24,200,57,882.0,15.6412,21.495600000000003,
2024-10-25,200,59,948.0,23.837200000000003,28.171599999999998,
2024-10-26,200,60,379.0,28.437599999999993,21.742399999999996,
2024-10-27,200,73,1170.0,14.4188,14.503999999999998,
2024-10-28,200,51,251.0,13.1696,24.923199999999994,
2024-10-29,200,43,136.0,8.679599999999999,21.152800000000003,
2024-10-30,200,37,279.0,2.8848,12.361999999999998,
2024-10-31,200,33,574.0,3.6019999999999994,15.480800000000006,
2024-11-01,200,51,450.0,11.2148,18.796,
2024-11-02,200,60,184.0,3.5027999999999997,18.471599999999995,
2024-11-03,200,70,544.0,8.518,28.372,
2024-11-04,200,63,832.0,21.294,33.5848,
2024-11-05,200,58,1274.0,22.203199999999995,32.0384,
2024-11-06,200,15,58.0,30.880399999999995,30.735599999999998,
2024-11-07,200,18,31.0,26.242400000000004,30.448,
2024-11-08,200,27,379.0,15.552800000000001,14.8016,
2024-11-09,200,45,661.0,28.2088,22.057199999999998,
2024-11-10,200,45,555.0,51.86559999999999,38.283199999999994,
2024-11-11,200,42,384.0,52.465199999999996,36.6648,
2024-11-12,200,29,239.0,34.188399999999994,29.468000000000004,
2024-11-13,200,27,572.0,13.5308,28.693199999999997,
2024-11-14,200,50,722.0,5.477600000000001,18.7476,
2024-11-15,200,43,390.0,4.3384,16.464399999999998,
2024-11-16,200,63,524.0,8.2728,15.1548,
2024-11-17,200,44,88.0,3.864800000000001,8.434800000000001,
2024-11-18,200,27,361.0,1.4063999999999999,9.256,
2024-11-19,200,25,265.0,6.276399999999999,22.721999999999998,
2024-11-20,200,29,164.0,2.6140000000000008,12.01,
2024-11-21,200,21,107.0,4.0656,15.377599999999997,
2024-11-22,200,43,191.0,6.5388,20.823999999999998,
2024-11-23,200,48,399.0,4.007200000000001,14.9904,
2024-11-24,200,59,305.0,1.6887999999999999,13.1888,
2024-11-25,200,48,311.0,2.7668,19.127999999999997,
2024-11-26,200,38,511.0,5.5752,26.863199999999996,
2024-11-27,200,47,468.0,6.868400000000001,27.917600000000007,
2024-11-28,200,13,5.0,0.8191999999999999,7.9312000000000005,
2024-11-29,200,52,396.0,13.5776,36.851600000000005,
2024-11-30,200,58,219.0,11.2796,33.8192,
2024-12-01,200,54,330.0,19.8056,37.276399999999995,
2024-12-02,200,36,196.0,15.967600000000003,37.8644,
2024-12-03,200,34,546.0,9.2108,26.7256,
2024-12-04,200,31,452.0,7.206,25.279600000000006,
2024-12-05,200,48,182.0,10.9188,25.0256,
2024-12-06,200,8,27.0,7.227199999999999,33.4044,
2024-12-07,200,45,262.0,5.2388,18.8836,
2024-12-08,200,28,362.0,8.0948,14.288800000000004,
2024-12-09,200,27,210.0,5.0532,14.562000000000001,
2024-12-10,200,28,175.0,6.513599999999999,15.069600000000001,
2024-12-11,200,56,256.0,8.1392,31.284000000000002,
2024-12-12,200,45,347.0,33.711999999999996,69.8612,
2024-12-13,200,45,339.0,21.0368,41.92280000000001,
2024-12-14,200,39,528.0,22.7528,30.255600000000005,
2024-12-15,200,15,59.0,4.289599999999999,10.4772,
2024-12-16,200,19,397.0,1.5832000000000006,8.174400000000002,
2024-12-17,200,27,318.0,3.1883999999999997,11.5452,
2024-12-18,200,22,59.0,5.1104,19.840000000000003,
2024-12-19,200,14,151.0,1.3456000000000001,10.262,
2024-12-20,200,34,507.0,1.8536000000000001,8.896,
2024-12-21,200,38,152.0,4.020000000000001,13.1748,
2024-12-22,200,52,507.0,1.0011999999999999,10.791200000000002,
2024-12-23,200,38,236.0,2.6036000000000006,11.943600000000002,
2024-12-24,200,19,154.0,7.4284,31.324,
2024-12-25,200,48,262.0,20.535999999999998,51.14840000000001,
2024-12-26,200,40,236.0,50.014799999999994,42.7316,
2024-12-27,200,50,319.0,60.56840000000001,47.96799999999999,
2024-12-28,200,24,107.0,73.7388,61.7464,
2024-12-29,200,52,311.0,36.138,44.9796,
2024-12-30,200,19,53.0,13.884800000000002,20.3928,
2024-12-31,200,45,220.0,16.4748,24.08,
2025-01-01,200,43,131.0,4.6732,10.580399999999997,
2025-01-02,200,53,314.0,1.3296000000000001,9.182,
2025-01-03,200,20,67.0,1.5252000000000001,8.276,
2025-01-04,200,47,593.0,6.211199999999999,18.9348,
2025-01-05,200,59,336.0,10.6604,24.759599999999995,
2025-01-06,200,29,370.0,1.8835999999999995,15.9016,
2025-01-07,200,35,176.0,1.1855999999999998,13.195600000000002,
2025-01-08,200,36,188.0,3.3135999999999997,22.397600000000008,
2025-01-09,200,7,19.0,8.8268,28.7236,
2025-01-10,200,22,369.0,4.909199999999999,15.5464,
2025-01-11,200,42,805.0,0.9536000000000001,5.400000000000001,
2025-01-12,200,60,540.0,2.7288,17.040799999999997,
2025-01-13,200,43,257.0,16.8652,50.81880000000001,
2025-01-14,200,27,308.0,12.345199999999998,28.048399999999994,
2025-01-15,200,13,89.0,11.0636,29.084,
2025-01-16,200,54,260.0,10.5304,35.726000000000006,
2025-01-17,200,45,276.0,20.24,49.847199999999994,
2025-01-18,200,54,397.0,33.9748,43.92400000000001,
2025-01-19,200,58,187.0,36.7536,32.7924,
2025-01-20,200,34,232.0,28.674399999999995,46.6928,
2025-01-21,200,35,373.0,55.44,66.4748,
2025-01-22,200,26,98.0,43.63040000000001,43.232000000000006,
2025-01-23,200,7,38.0,11.999999999999995,24.537999999999997,
2025-01-24,200,43,342.0,3.9915999999999996,22.2092,
2025-01-25,200,32,168.0,7.1556,30.153600000000004,
2025-01-26,200,41,122.0,7.0152,27.13359999999999,
2025-01-27,200,26,389.0,2.3244000000000002,17.827600000000004,
2025-01-28,200,39,216.0,9.7072,44.766799999999996,
2025-01-29,200,33,64.0,3.0239999999999996,20.858400000000003,
2025-01-30,200,34,233.0,6.619199999999998,35.8704,
2025-01-31,200,48,308.0,3.8516000000000004,11.5844,
2025-02-01,200,73,453.0,16.528,35.5384,
2025-02-02,200,50,444.0,12.026799999999998,30.357999999999997,
2025-02-03,200,49,275.0,47.11160000000001,69.69760000000001,
2025-02-04,200,36,169.0,51.81399999999999,66.13200000000002,
2025-02-05,200,21,101.0,33.36319999999999,40.537600000000005,
2025-02-06,200,32,72.0,17.511200000000002,27.4996,
2025-02-07,200,50,590.0,8.486800000000002,13.780799999999997,
2025-02-08,200,39,128.0,17.430400000000002,16.618399999999998,
2025-02-09,200,68,298.0,18.535199999999996,19.781200000000002,
2025-02-10,200,22,58.0,19.0124,18.342800000000004,
2025-02-11,200,47,238.0,15.1172,16.477600000000006,
2025-02-12,200,43,297.0,20.065199999999997,20.742800000000003,
2025-02-13,200,12,2487.0,23.848000000000003,28.590400000000002,
2025-02-14,200,48,237.0,8.868,23.952799999999996,
2025-02-15,200,63,971.0,22.189599999999995,60.69,
2025-02-16,200,60,823.0,13.390000000000002,42.01800000000001,
2025-02-17,200,48,886.0,43.912000000000006,71.8492,
2025-02-18,200,54,823.0,37.86000000000001,69.3828,
2025-02-19,200,51,743.0,52.72840000000001,83.81720000000001,
2025-02-20,200,53,253.0,26.7132,27.808799999999998,
2025-02-21,200,40,346.0,49.62880000000001,46.51559999999999,
2025-02-22,200,55,185.0,26.796800000000005,25.19,
2025-02-23,200,76,482.0,18.3488,33.0932,
2025-02-24,200,47,451.0,13.210000000000003,33.07919999999999,
2025-02-25,200,15,33.0,24.280000000000005,46.542,
2025-02-26,200,35,243.0,25.654,37.78280000000001,
2025-02-27,200,42,559.0,14.345999999999998,38.9336,
2025-02-28,200,25,78.0,12.6044,27.1748,
2025-03-01,200,48,185.0,11.3892,15.9848,
2025-03-02,200,53,175.0,12.799200000000003,14.346799999999998,
2025-03-03,200,27,116.0,15.211200000000002,18.3868,
2025-03-04,200,57,184.0,36.04,28.926399999999994,
2025-03-05,200,48,160.0,44.56,24.68,
2025-03-07,200,71,283.0,70.04541666666667,76.71416666666667,
2025-03-08,200,63,217.0,55.373200000000004,25.180000000000003,
2025-03-09,200,79,558.0,79.62159999999999,35.087999999999994,
2025-03-10,200,55,199.0,86.9224,38.4884,
2025-03-11,200,28,87.0,89.4992,54.959599999999995,
2025-03-12,200,57,146.0,28.634,37.89160000000001,
2025-03-13,200,37,280.0,8.54,31.438799999999997,
2025-03-14,200,56,132.0,10.6796,26.3496,
2025-03-15,200,63,170.0,11.374000000000002,15.226400000000002,
2025-03-16,200,79,316.0,10.756000000000002,13.731999999999998,
2025-03-17,200,44,149.0,4.3624,21.3616,
2025-03-18,200,40,187.0,23.400400000000005,77.32560000000001,
2025-03-19,200,60,363.0,34.4896,77.11359999999999,
2025-03-20,200,56,167.0,41.54280000000001,73.4532,
2025-03-21,200,64,262.0,33.842800000000004,38.70439999999999,
2025-03-22,200,86,325.0,30.401999999999997,6.247600000000001,
2025-03-23,200,74,633.0,20.061199999999996,10.303999999999998,
2025-03-24,200,55,238.0,33.0724,56.2404,
2025-03-25,200,38,72.0,32.40679999999999,42.443599999999996,
2025-03-26,200,42,137.0,14.24,13.71,
2025-03-27,200,19,48.0,17.637500000000003,47.382083333333334,
2025-03-28,200,53,86.0,25.201999999999995,45.30239999999999,
2025-03-29,200,80,295.0,20.913200000000003,15.812000000000001,
2025-03-30,200,84,253.0,3.47,9.42,
2025-04-04,200,54,133.0,20.794583333333332,15.635416666666666,
2025-04-05,200,96,264.0,3.47,9.42,
2025-04-06,200,55,118.0,1.2820833333333332,3.750833333333334,
2025-04-07,200,50,95.0,3.7892000000000006,7.484000000000001,
2025-04-08,200,44,119.0,7.2863999999999995,10.883199999999999,
2025-04-09,200,49,105.0,10.736399999999998,9.7552,
2025-04-10,200,46,120.0,4.365199999999999,4.4252,
2025-04-11,200,42,131.0,7.3744000000000005,3.979199999999999,
2025-04-12,200,59,140.0,9.987200000000001,4.457599999999999,
2025-04-13,200,85,207.0,5.2964,4.198799999999999,
2025-04-14,200,56,150.0,1.9572,5.786399999999999,
2025-04-15,200,38,62.0,3.9691999999999985,4.5656,
2025-04-16,200,74,144.0,5.8564000000000025,4.4152,
2025-04-17,200,74,148.0,8.5136,5.333200000000001,
2025-04-18,200,43,60.0,5.2303999999999995,6.0084,
2025-04-19,200,33,145.0,3.99,4.65,
2025-04-20,200,86,233.0,10.590416666666664,6.282916666666665,
2025-04-21,200,65,189.0,6.853200000000002,7.46,
2025-04-22,200,76,202.0,4.056399999999999,7.412000000000002,
2025-04-23,200,103,269.0,5.339200000000001,7.160399999999999,
2025-04-24,200,76,208.0,5.599200000000001,4.566,
2025-04-25,200,76,249.0,3.7796,4.645199999999999,
2025-04-26,200,90,299.0,3.6487999999999996,2.8531999999999993,
2025-04-27,200,80,138.0,8.1976,3.5696000000000003,
2025-04-28,200,82,228.0,15.723199999999999,7.543600000000001,
2025-04-29,200,57,130.0,19.3076,8.033600000000002,
2025-04-30,200,51,103.0,8.2824,6.9736,
2025-05-01,200,83,253.0,6.372800000000002,6.093999999999999,
2025-05-02,200,69,156.0,9.028400000000001,5.768000000000001,
2025-05-03,200,127,205.0,9.5944,5.124,
2025-05-04,200,98,370.0,1.8928000000000003,2.3811999999999998,
2025-05-05,200,53,135.0,1.2447999999999997,3.1784000000000003,
2025-05-06,200,67,251.0,3.2488000000000006,5.0184,
2025-05-07,200,61,158.0,2.4535999999999993,3.9884,
2025-05-08,200,103,390.0,2.0804,3.9463999999999992,
2025-05-09,200,75,140.0,3.8276,7.377600000000002,
2025-05-10,200,99,220.0,4.531999999999999,3.6136,
2025-05-11,200,71,174.0,1.8455999999999997,2.746800000000001,
2025-05-12,200,32,81.0,3.2396000000000003,3.1120000000000005,
2025-05-13,200,49,106.0,5.357200000000001,5.561600000000001,
2025-05-14,200,30,109.0,6.837599999999998,4.506799999999999,
2025-05-15,200,66,167.0,1.2671999999999999,1.712,
2025-05-16,200,51,206.0,1.1247999999999998,2.9375999999999998,
2025-05-17,200,69,170.0,1.3439999999999994,2.468,
2025-05-18,200,82,272.0,0.7563999999999999,1.7464,
2025-05-19,200,52,141.0,1.0592,2.903599999999999,
2025-05-20,200,92,321.0,3.481199999999999,5.8524,
2025-05-21,200,52,166.0,4.1604,4.154,
2025-05-22,200,37,114.0,1.8651999999999997,2.3171999999999993,
2025-05-23,200,57,218.0,0.8563999999999997,2.654,
2025-05-24,200,101,189.0,2.3923999999999994,3.3695999999999997,
2025-05-25,200,71,179.0,2.158799999999999,2.6743999999999994,
2025-05-26,200,80,303.0,1.768,3.0267999999999997,
2025-05-27,200,62,153.0,2.3548,3.483200000000001,
2025-05-28,200,57,236.0,0.6955999999999999,3.6675999999999997,
2025-05-29,200,79,237.0,2.4364,2.7064,
2025-05-30,200,52,184.0,2.8276,3.5328000000000004,
2025-05-31,200,79,166.0,3.1624,3.729199999999999,
2025-06-01,200,75,239.0,1.7904,2.8748,
2025-06-02,200,55,139.0,2.0184,3.7912000000000012,
2025-06-03,200,43,139.0,3.0751999999999997,3.5367999999999995,
2025-06-04,200,21,65.0,1.0348000000000004,3.1372000000000004,
2025-06-05,200,49,206.0,1.1428000000000003,2.8624,
2025-06-06,200,44,102.0,0.5828,2.2392,
2025-06-07,200,46,114.0,0.5723999999999999,1.9712,
2025-06-08,200,49,117.0,0.5988000000000001,1.5075999999999998,
2025-06-09,200,91,228.0,1.1704,2.8572,
2025-06-10,200,28,130.0,3.3211999999999993,3.4344000000000006,
2025-06-11,200,58,156.0,1.8696000000000002,2.9231999999999996,
2025-06-12,200,63,307.0,3.6732,3.306000000000001,
2025-06-13,200,55,154.0,4.4704,2.724,
2025-06-14,200,79,226.0,7.591600000000002,2.7204,
2025-06-15,200,83,236.0,8.1872,2.67,
2025-06-16,200,73,127.0,2.1596,2.4584,
2025-06-17,200,52,293.0,3.1779999999999995,3.6124,
2025-06-18,200,23,73.0,5.469200000000001,3.5284000000000004,
2025-06-19,200,31,126.0,2.9416,2.2932000000000006,
2025-06-20,200,44,139.0,2.3236000000000003,3.13,
2025-06-21,200,83,301.0,3.96,3.8316000000000003,
2025-06-22,200,66,270.0,5.1756,3.2655999999999987,
2025-06-23,200,65,252.0,2.6148,2.1008,
2025-06-24,200,56,588.0,2.766800000000001,2.17,
2025-06-25,200,71,180.0,2.8908000000000005,2.7112,
2025-06-26,200,44,97.0,2.8991999999999996,2.9132000000000007,
2025-06-27,200,34,95.0,1.898,3.5140000000000002,
2025-06-28,200,58,191.0,3.8076,2.5552,
2025-06-29,200,67,205.0,2.6448,1.746,
2025-06-30,200,56,133.0,2.4684000000000004,2.6400000000000006,
2025-07-01,200,35,111.0,3.8376000000000006,3.901199999999999,
2025-07-02,200,56,203.0,11.588400000000002,4.7572,
2025-07-03,200,52,198.0,3.6256,2.9384,
2025-07-04,200,27,50.0,1.6979999999999995,3.9555999999999996,
2025-07-05,200,59,238.0,4.3751999999999995,3.6148000000000002,
2025-07-06,200,48,122.0,3.7803999999999984,2.8471999999999995,
2025-07-07,200,46,275.0,1.1484,2.7924,
2025-07-08,200,28,205.0,0.7791999999999999,2.3791999999999995,
2025-07-09,200,58,108.0,1.2484000000000004,2.3124,
2025-07-10,200,44,122.0,2.0472,3.0648,
2025-07-11,200,46,278.0,1.5592,3.2083999999999993,
2025-07-12,200,23,68.0,2.0040000000000004,2.6431999999999998,
2025-07-13,200,77,1414.0,1.3628,3.0395999999999996,
2025-07-14,200,56,135.0,2.9323999999999995,3.2228,
2025-07-15,200,30,81.0,4.1956,3.7096,
2025-07-16,200,36,85.0,2.258,3.7136,
2025-07-17,200,45,2166.0,1.6376,3.6336,
2025-07-18,200,76,904.0,2.41,3.466400000000001,
2025-07-19,200,52,861.0,3.9063999999999997,3.585200000000001,
2025-07-20,200,46,280.0,4.5124,3.6243999999999996,
2025-07-21,200,35,713.0,2.5776,4.6259999999999994,
2025-07-22,200,24,96.0,1.0108,2.7015999999999996,
2025-07-23,200,17,84.0,1.5012,2.628,
2025-07-24,200,68,1888.0,2.2807999999999997,5.6339999999999995,
2025-07-25,200,49,211.0,2.1832,4.558400000000001,
2025-07-26,200,65,718.0,1.4899999999999998,2.9832000000000005,
2025-07-27,200,53,543.0,2.2108,3.6003999999999996,
2025-07-28,200,53,511.0,1.4632000000000003,2.8448,
2025-07-29,200,46,449.0,0.9427999999999999,2.514,
2025-07-30,200,22,218.0,1.8123999999999996,4.218,
2025-07-31,200,25,55.0,1.9384000000000001,4.2392,
2025-08-01,200,50,121.0,1.53,4.2828,
2025-08-02,200,68,937.0,0.8656,3.7508000000000004,
2025-08-03,200,52,663.0,1.0044000000000002,2.4007999999999994,
2025-08-04,200,36,103.0,1.612,3.1431999999999993,
2025-08-05,200,30,208.0,2.6623999999999994,4.4152,
2025-08-06,200,45,638.0,2.2252000000000005,4.9772,
2025-08-07,200,37,132.0,4.258799999999999,6.428399999999999,
2025-08-08,200,46,406.0,5.0352,5.398,
2025-08-09,200,53,256.0,7.809199999999999,4.575599999999999,
2025-08-10,200,46,166.0,4.816,2.8856,
2025-08-11,200,61,896.0,3.9244000000000003,5.8264,
2025-08-12,200,17,25.0,6.5396,4.8852,
2025-08-13,200,40,663.0,10.5624,6.1251999999999995,
2025-08-14,200,47,733.0,14.578800000000001,7.156000000000001,
2025-08-15,200,52,173.0,15.8056,4.989199999999999,
2025-08-16,200,67,808.0,4.0572,2.084,
2025-08-17,200,70,224.0,2.11,2.7848,
2025-08-18,200,53,113.0,2.4227999999999996,5.292000000000001,
2025-08-19,200,51,141.0,4.4092,6.414799999999999,
2025-08-20,200,47,101.0,6.277200000000001,4.748000000000001,
2025-08-21,200,58,349.0,1.7887999999999997,3.3076000000000003,
2025-08-22,200,62,503.0,1.1932000000000003,2.4728000000000003,
2025-08-23,200,33,222.0,0.6284,2.1847999999999996,
2025-08-24,200,44,285.0,0.9279999999999999,3.93,
2025-08-25,200,61,152.0,1.9143999999999999,5.128800000000001,
2025-08-26,200,51,487.0,3.214,6.8304,
2025-08-27,200,48,191.0,4.472000000000001,5.616799999999999,
2025-08-28,200,49,227.0,2.7499999999999996,7.300799999999999,
2025-08-29,200,50,158.0,3.6168,8.0208,
2025-08-30,200,66,240.0,1.7523999999999997,4.619999999999999,
2025-08-31,200,68,437.0,1.9911999999999999,3.4563999999999995,
2025-09-01,200,29,80.0,4.3744,5.9928,
2025-09-02,200,26,190.0,3.4408,8.170399999999999,
2025-09-03,200,58,442.0,1.6824000000000003,4.9988,
2025-09-04,200,64,584.0,2.4028,8.4992,
2025-09-05,200,52,200.0,2.2372,6.8816,
2025-09-06,200,44,305.0,2.924,6.774400000000001,
2025-09-07,200,72,219.0,3.6819999999999995,5.991199999999999,
2025-09-08,200,71,247.0,4.1148,6.8476,
2025-09-09,200,49,854.0,7.1248000000000005,9.528400000000001,
2025-09-10,200,43,1100.0,8.608400000000001,10.7612,
2025-09-11,200,31,105.0,3.0843999999999996,4.614400000000001,
2025-09-12,200,45,187.0,1.0927999999999998,4.6596,
2025-09-13,200,50,266.0,1.3599999999999997,6.1744,
2025-09-14,200,74,1208.0,1.2171999999999996,5.418000000000001,
2025-09-15,200,44,302.0,0.986,3.3095999999999997,
2025-09-16,200,45,306.0,0.9443999999999997,2.6703999999999994,
2025-09-17,200,47,824.0,1.0124,5.0252,
2025-09-18,200,27,424.0,3.1883999999999997,4.919599999999999,
2025-09-19,200,51,794.0,7.855599999999997,7.123199999999998,
2025-09-20,200,50,307.0,8.478400000000002,4.9088,
2025-09-21,200,71,726.0,6.7303999999999995,4.881199999999999,
2025-09-22,200,67,695.0,1.1148,4.529999999999999,
2025-09-23,200,52,372.0,1.7060000000000004,5.3504,
2025-09-24,200,66,919.0,1.4167999999999998,3.3615999999999997,
2025-09-25,200,38,640.0,1.5244,4.2224,
2025-09-26,200,50,433.0,2.8812,6.3364,
2025-09-27,200,69,322.0,4.990799999999998,5.9376,
2025-09-28,200,72,241.0,8.0956,6.169199999999998,
2025-09-29,200,54,188.0,4.202800000000001,5.8176,
2025-09-30,200,52,804.0,3.0264000000000006,7.811200000000001,
2025-10-01,200,64,545.0,3.0156,11.694,
2025-10-02,200,82,628.0,5.8576000000000015,16.9628,
2025-10-03,200,77,443.0,9.8964,15.5032,
2025-10-04,200,35,397.0,4.290800000000001,5.550800000000001,
2025-10-05,200,64,272.0,0.5548,3.4171999999999993,
2025-10-06,200,32,122.0,1.5927999999999998,5.6015999999999995,
2025-10-07,200,71,678.0,4.2376,10.993200000000002,
2025-10-08,200,49,471.0,12.0456,16.621199999999998,
2025-10-09,200,74,649.0,5.03,8.3932,
2025-10-10,200,76,1345.0,3.0868,5.414,
2025-10-11,200,91,547.0,2.040399999999999,5.586799999999998,
2025-10-12,200,74,581.0,2.3196,6.287999999999999,
2025-10-13,200,85,643.0,3.8475999999999995,11.5124,
2025-10-14,200,41,409.0,6.8420000000000005,15.0172,
2025-10-15,200,89,338.0,4.8752,14.6428,
2025-10-16,200,30,460.0,5.0736,11.062399999999998,
2025-10-17,200,52,1033.0,2.5003999999999995,6.595599999999998,
2025-10-18,200,80,416.0,3.2272000000000003,11.172800000000002,
2025-10-19,200,64,478.0,8.4296,15.130799999999999,
2025-10-20,200,60,1443.0,10.5204,13.3684,
2025-10-21,200,44,237.0,5.046000000000001,7.041199999999999,
2025-10-22,200,66,531.0,1.7096,11.024,
2025-10-23,200,36,152.0,1.1344000000000003,6.719999999999999,
2025-10-24,200,46,196.0,0.518,4.791600000000001,
2025-10-25,200,76,821.0,0.5632,4.5264,
2025-10-26,200,55,243.0,0.7847999999999999,5.512800000000001,
2025-10-27,200,46,725.0,0.574,5.0516000000000005,
2025-10-28,200,46,543.0,0.8360000000000001,6.15,
2025-10-29,200,82,1915.0,1.8387999999999998,8.0732,
2025-10-30,200,34,243.0,1.6323999999999999,7.284800000000001,
2025-10-31,200,74,493.0,8.0548,19.155599999999996,
2025-11-01,200,88,477.0,7.5311999999999975,11.0804,
2025-11-02,200,87,492.0,2.5568,9.031600000000003,
2025-11-03,200,76,1949.0,1.2963999999999998,7.925599999999999,
2025-11-04,200,76,3154.0,2.8312,11.804399999999998,
2025-11-05,200,50,157.0,8.851600000000001,21.6076,
2025-11-06,200,68,525.0,19.900800000000004,23.532000000000004,
2025-11-07,200,78,603.0,25.666800000000002,25.705199999999994,
2025-11-08,200,77,972.0,33.052800000000005,29.628400000000003,
2025-11-09,200,68,393.0,31.890399999999996,23.1004,
2025-11-10,200,29,113.0,15.002799999999997,25.8384,
2025-11-11,200,57,2192.0,4.335999999999999,15.474399999999997,
2025-11-12,200,52,203.0,5.3288,12.8564,
2025-11-13,200,61,384.0,6.952000000000001,9.776399999999999,
2025-11-14,200,59,507.0,9.529200000000001,17.612800000000004,
2025-11-15,200,35,228.0,13.933600000000004,19.494400000000002,
2025-11-16,200,79,540.0,10.846000000000002,14.951600000000001,
2025-11-17,200,43,510.0,3.355999999999999,8.7,
2025-11-18,200,62,2876.0,5.639200000000001,9.631600000000002,
2025-11-19,200,52,566.0,8.447199999999999,10.2552,
2025-11-20,200,23,146.0,4.484400000000001,11.307999999999998,
2025-11-21,200,61,415.0,10.9108,24.616,
2025-11-22,200,64,441.0,13.183599999999997,26.6204,
2025-11-23,200,71,765.0,9.846,17.882,
2025-11-24,200,64,284.0,5.597199999999999,14.6576,
2025-11-25,200,44,227.0,18.8644,32.8496,
2025-11-26,200,21,102.0,17.456400000000002,17.507599999999996,
2025-11-27,200,29,524.0,12.56,13.2592,
2025-11-28,200,51,240.0,9.1876,12.871199999999998,
2025-11-29,200,50,565.0,7.6996,15.687999999999999,
2025-11-30,200,58,335.0,6.193600000000001,13.7728,
2025-12-01,200,54,225.0,9.240800000000002,15.373199999999997,
2025-12-02,200,36,105.0,11.684800000000001,19.5884,
2025-12-03,200,46,391.0,18.6544,29.83120000000001,
2025-12-04,200,53,185.0,20.595999999999993,28.6296,
2025-12-05,200,21,59.0,21.863999999999997,31.714000000000002,
2025-12-06,200,64,465.0,12.046399999999998,11.8508,
2025-12-07,200,61,677.0,1.4112,7.438800000000001,
2025-12-08,200,22,173.0,1.162,6.870800000000002,
2025-12-09,200,10,18.0,2.0904,7.973200000000002,
2025-12-10,200,46,367.0,4.994,10.8308,
2025-12-11,200,42,433.0,4.0864,12.319599999999998,
2025-12-12,200,57,369.0,8.076400000000001,21.455200000000005,
2025-12-13,200,41,432.0,12.049199999999999,14.255200000000002,
2025-12-14,200,56,382.0,11.955999999999996,11.112800000000002,
2025-12-15,200,32,123.0,11.538799999999998,13.003999999999998,
2025-12-16,200,38,235.0,20.9172,29.198,
2025-12-17,200,22,126.0,25.424,20.618399999999998,
2025-12-18,200,30,173.0,15.490399999999998,13.528000000000002,
2025-12-19,200,48,141.0,7.059200000000001,11.3376,
2025-12-20,200,23,74.0,17.2192,24.2448,
2025-12-21,200,43,923.0,18.7608,19.918000000000003,
2025-12-22,200,14,38.0,12.078399999999998,10.707599999999998,
2025-12-23,200,19,84.0,12.1832,10.641200000000001,
2025-12-24,200,37,221.0,3.9003999999999994,6.6743999999999994,
2025-12-25,200,47,357.0,9.285599999999999,12.966399999999997,
2025-12-26,200,41,220.0,21.8948,35.421200000000006,
2025-12-27,200,13,31.0,19.186799999999998,28.31160000000001,
2025-12-28,200,40,150.0,8.0156,12.988000000000001,
2025-12-29,200,36,150.0,7.0092,9.240800000000002,
2025-12-30,200,55,450.0,3.6968000000000005,8.2644,
2025-12-31,200,28,210.0,4.193999999999999,9.342,
