date,status,observation_count,sum_howMany_birds,pm2_5_mean,no2_mean,diff_howMany,diff_pm2_5_mean,diff_no2_mean
2023-01-01,200,37,386.0,3.4372,12.2732,,,
2023-01-02,200,40,284.0,3.6872000000000007,17.601200000000006,-102.0,0.2500000000000009,5.3280000000000065
2023-01-03,200,55,258.0,11.711199999999998,31.222400000000004,-26.0,8.023999999999997,13.621199999999998
2023-01-04,200,9,21.0,2.734,14.873599999999996,-237.0,-8.977199999999998,-16.348800000000008
2023-01-05,200,29,85.0,2.6688,14.3168,64.0,-0.06519999999999992,-0.5567999999999955
2023-01-06,200,31,782.0,7.779199999999999,32.6892,697.0,5.1103999999999985,18.3724
2023-01-07,200,44,157.0,5.7728,25.91720000000001,-625.0,-2.0063999999999984,-6.771999999999991
2023-01-08,200,43,486.0,4.144399999999999,20.7692,329.0,-1.628400000000001,-5.148000000000007
2023-01-09,200,44,682.0,6.944,28.1656,196.0,2.7996000000000008,7.3964
2023-01-10,200,37,193.0,5.4964,22.6536,-489.0,-1.4475999999999996,-5.5120000000000005
2023-01-11,200,13,26.0,3.23,20.2692,-167.0,-2.2664000000000004,-2.3843999999999994
2023-01-12,200,25,395.0,1.6156,12.108399999999996,369.0,-1.6144,-8.160800000000005
2023-01-13,200,35,170.0,1.3284,12.4444,-225.0,-0.2871999999999999,0.33600000000000385
2023-01-14,200,44,266.0,1.592,10.461200000000002,96.0,0.26360000000000006,-1.9831999999999983
2023-01-15,200,46,311.0,0.8671999999999999,8.441600000000001,45.0,-0.7248000000000002,-2.0196000000000005
2023-01-16,200,52,186.0,2.5868,16.828400000000002,-125.0,1.7196000000000002,8.386800000000001
2023-01-17,200,17,63.0,12.261599999999998,31.794799999999995,-123.0,9.674799999999998,14.966399999999993
2023-01-18,200,49,577.0,25.2616,45.28079999999999,514.0,13.000000000000004,13.485999999999997
2023-01-19,200,48,160.0,14.7608,39.6336,-417.0,-10.500800000000002,-5.647199999999991
2023-01-20,200,39,618.0,27.2028,41.3324,458.0,12.442,1.6987999999999985
2023-01-21,200,41,233.0,6.852399999999999,9.142400000000002,-385.0,-20.3504,-32.19
2023-01-22,200,23,158.0,4.1004000000000005,10.486400000000003,-75.0,-2.751999999999999,1.3440000000000012
2023-01-23,200,29,105.0,8.548800000000002,20.6452,-53.0,4.448400000000001,10.158799999999996
2023-01-24,200,35,415.0,21.106000000000005,34.2656,310.0,12.557200000000003,13.6204
2023-01-25,200,36,511.0,25.4812,46.32320000000001,96.0,4.375199999999996,12.057600000000008
2023-01-26,200,45,212.0,15.3,30.968400000000003,-299.0,-10.1812,-15.354800000000004
2023-01-27,200,11,30.0,7.954400000000001,16.914400000000004,-182.0,-7.3456,-14.053999999999998
2023-01-28,200,56,404.0,5.7836,21.23520000000001,374.0,-2.1708000000000007,4.3208000000000055
2023-01-29,200,42,197.0,10.4484,15.614799999999995,-207.0,4.6648,-5.620400000000014
2023-01-30,200,20,101.0,4.1324000000000005,8.446399999999999,-96.0,-6.315999999999999,-7.1683999999999966
2023-01-31,200,7,38.0,2.1712,10.2624,-63.0,-1.9612000000000007,1.8160000000000007
2023-02-01,200,20,70.0,1.2536,7.378399999999999,32.0,-0.9175999999999997,-2.8840000000000003
2023-02-02,200,37,184.0,7.784,21.9276,114.0,6.5304,14.549200000000003
2023-02-03,200,8,35.0,4.461199999999998,14.1808,-149.0,-3.3228000000000018,-7.746800000000002
2023-02-04,200,40,157.0,2.7836000000000003,13.467600000000004,122.0,-1.6775999999999978,-0.7131999999999952
2023-02-05,200,44,285.0,16.166000000000004,50.8188,128.0,13.382400000000004,37.3512
2023-02-06,200,12,35.0,21.046,45.41840000000001,-250.0,4.8799999999999955,-5.4003999999999905
2023-02-07,200,52,470.0,70.33320000000002,73.646,435.0,49.28720000000002,28.22759999999999
2023-02-08,200,43,411.0,26.178799999999995,42.59439999999999,-59.0,-44.154400000000024,-31.051600000000008
2023-02-09,200,41,117.0,16.2244,33.8692,-294.0,-9.954399999999996,-8.725199999999994
2023-02-10,200,33,208.0,22.192000000000007,30.304800000000004,91.0,5.967600000000008,-3.5643999999999956
2023-02-11,200,35,351.0,14.8984,13.888000000000003,143.0,-7.293600000000007,-16.416800000000002
2023-02-12,200,57,320.0,7.323199999999999,16.8656,-31.0,-7.5752000000000015,2.977599999999997
2023-02-13,200,41,244.0,12.9296,29.46,-76.0,5.606400000000002,12.5944
2023-02-14,200,9,36.0,33.372,57.07119999999999,-208.0,20.4424,27.61119999999999
2023-02-15,200,34,161.0,36.5256,51.326800000000006,125.0,3.1535999999999973,-5.744399999999985
2023-02-16,200,45,361.0,52.00200000000001,38.934,200.0,15.476400000000012,-12.392800000000008
2023-02-17,200,5,31.0,10.2568,13.743200000000002,-330.0,-41.74520000000001,-25.190799999999996
2023-02-18,200,39,302.0,2.6812,10.6224,271.0,-7.5756,-3.120800000000001
2023-02-19,200,57,405.0,2.466,11.0968,103.0,-0.21519999999999984,0.47439999999999927
2023-02-20,200,34,651.0,5.079199999999999,11.925999999999998,246.0,2.613199999999999,0.8291999999999984
2023-02-21,200,28,112.0,9.6112,19.4052,-539.0,4.532000000000001,7.479200000000002
2023-02-22,200,41,312.0,21.120000000000008,29.0084,200.0,11.508800000000008,9.603200000000001
2023-02-23,200,61,334.0,7.95,11.65,22.0,-13.170000000000009,-17.358400000000003
2023-02-25,200,39,342.0,1.005,6.576666666666667,8.0,-6.945,-5.073333333333333
2023-02-26,200,59,286.0,2.6008,14.041199999999998,-56.0,1.5958,7.464533333333331
2023-02-27,200,46,297.0,8.466,30.8732,11.0,5.8652,16.832
2023-02-28,200,53,355.0,17.3024,41.306,58.0,8.8364,10.432799999999997
2023-03-01,200,43,260.0,21.7452,48.40639999999999,-95.0,4.442800000000002,7.100399999999993
2023-03-02,200,45,150.0,25.1892,33.114000000000004,-110.0,3.443999999999999,-15.292399999999986
2023-03-03,200,42,208.0,17.8976,24.412399999999995,58.0,-7.291599999999999,-8.70160000000001
2023-03-04,200,64,370.0,10.19,9.51,162.0,-7.707600000000001,-14.902399999999995
2023-03-05,200,54,641.0,2.4775,12.42375,271.0,-7.7124999999999995,2.9137500000000003
2023-03-06,200,38,119.0,6.042000000000002,24.8304,-522.0,3.5645000000000016,12.40665
2023-03-07,200,13,54.0,5.794,18.0852,-65.0,-0.248000000000002,-6.7452000000000005
2023-03-08,200,51,235.0,7.913200000000001,28.7956,181.0,2.119200000000001,10.7104
2023-03-09,200,20,138.0,6.959200000000001,18.2568,-97.0,-0.9539999999999997,-10.538800000000002
2023-03-10,200,37,58.0,12.3104,25.933200000000003,-80.0,5.351199999999999,7.6764000000000046
2023-03-11,200,43,2392.0,3.1284000000000005,7.4272,2334.0,-9.181999999999999,-18.506000000000004
2023-03-12,200,69,311.0,7.153200000000002,14.9284,-2081.0,4.024800000000001,7.5012
2023-03-13,200,47,318.0,2.7832000000000003,12.595599999999996,7.0,-4.370000000000001,-2.332800000000004
2023-03-14,200,57,224.0,1.1548,9.0192,-94.0,-1.6284000000000003,-3.576399999999996
2023-03-15,200,48,342.0,2.8608,11.668399999999998,118.0,1.7059999999999997,2.6491999999999987
2023-03-16,200,62,288.0,6.5776,19.428799999999995,-54.0,3.7168000000000005,7.760399999999997
2023-03-17,200,79,444.0,12.532,16.3196,156.0,5.9544,-3.109199999999994
2023-03-18,200,76,258.0,22.3856,30.65319999999999,-186.0,9.8536,14.33359999999999
2023-03-19,200,78,156.0,25.689999999999998,37.6652,-102.0,3.3043999999999976,7.012000000000008
2023-03-20,200,85,219.0,9.268,16.7356,63.0,-16.421999999999997,-20.929599999999997
2023-03-21,200,46,213.0,17.9748,30.803999999999995,-6.0,8.706799999999998,14.068399999999993
2023-03-22,200,70,223.0,7.4692,17.4652,10.0,-10.505599999999998,-13.338799999999996
2023-03-23,200,54,109.0,2.443600000000001,14.994000000000002,-114.0,-5.025599999999999,-2.471199999999998
2023-03-24,200,43,142.0,3.3992,16.5396,33.0,0.9555999999999991,1.5455999999999985
2023-03-25,200,53,114.0,1.9144,9.5684,-28.0,-1.4848,-6.9712
2023-03-26,200,70,210.0,2.2103999999999995,9.650799999999998,96.0,0.2959999999999994,0.08239999999999803
2023-03-27,200,56,144.0,1.8284,6.356400000000001,-66.0,-0.38199999999999945,-3.2943999999999978
2023-03-28,200,68,153.0,9.393199999999998,27.65000000000001,9.0,7.564799999999998,21.29360000000001
2023-03-29,200,49,150.0,10.343600000000002,30.8072,-3.0,0.9504000000000037,3.1571999999999925
2023-03-30,200,40,124.0,7.512,19.7268,-26.0,-2.8316000000000026,-11.080400000000001
2023-03-31,200,36,92.0,6.838000000000001,28.816000000000003,-32.0,-0.6739999999999986,9.089200000000002
2023-04-01,200,75,277.0,5.993200000000001,13.018799999999995,185.0,-0.8448000000000002,-15.797200000000007
2023-04-02,200,66,323.0,1.9848,3.6372,46.0,-4.008400000000001,-9.381599999999995
2023-04-03,200,46,370.0,1.202,5.692000000000002,47.0,-0.7827999999999999,2.054800000000002
2023-04-04,200,66,113.0,5.1436,20.5364,-257.0,3.9416,14.844399999999998
2023-04-05,200,37,37.0,15.8984,40.7748,-76.0,10.7548,20.2384
2023-04-06,200,79,207.0,15.331599999999998,29.4568,170.0,-0.5668000000000024,-11.317999999999998
2023-04-07,200,61,152.0,7.303199999999999,15.2756,-55.0,-8.0284,-14.1812
2023-04-08,200,44,93.0,13.761199999999995,20.0804,-59.0,6.457999999999997,4.8048
2023-04-09,200,43,97.0,17.370800000000003,24.561200000000003,4.0,3.6096000000000075,4.480800000000002
2023-04-10,200,62,220.0,16.428,20.450799999999997,123.0,-0.9428000000000019,-4.110400000000006
2023-04-11,200,40,97.0,4.4036,12.684800000000005,-123.0,-12.0244,-7.765999999999993
2023-04-12,200,61,281.0,7.160399999999999,20.385600000000004,184.0,2.7567999999999993,7.700799999999999
2023-04-13,200,51,87.0,10.8584,33.9028,-194.0,3.6980000000000004,13.517199999999995
2023-04-14,200,30,115.0,11.4536,16.851200000000002,28.0,0.5952000000000002,-17.051599999999997
2023-04-15,200,71,169.0,4.260799999999999,7.1152,54.0,-7.192800000000001,-9.736000000000002
2023-04-16,200,65,300.0,3.876,6.683199999999999,131.0,-0.3847999999999989,-0.4320000000000004
2023-04-17,200,25,81.0,5.323599999999999,7.192,-219.0,1.447599999999999,0.5088000000000008
2023-04-18,200,63,286.0,8.9344,7.11,205.0,3.610800000000001,-0.08199999999999985
2023-04-19,200,46,288.0,4.046000000000001,4.7008,2.0,-4.888399999999999,-2.4092000000000002
2023-04-20,200,53,170.0,7.725200000000001,9.710399999999998,-118.0,3.6792,5.009599999999998
2023-04-21,200,75,554.0,13.3564,8.914399999999999,384.0,5.6312,-0.7959999999999994
2023-04-22,200,85,195.0,13.2748,11.738400000000002,-359.0,-0.0815999999999999,2.8240000000000034
2023-04-23,200,83,161.0,13.9812,31.965999999999998,-34.0,0.7063999999999986,20.227599999999995
2023-04-24,200,46,147.0,3.9224,13.115600000000002,-14.0,-10.0588,-18.850399999999993
2023-04-25,200,57,184.0,2.6952,6.480000000000001,37.0,-1.2272000000000003,-6.635600000000001
2023-04-26,200,50,175.0,1.7007999999999996,6.920400000000001,-9.0,-0.9944000000000002,0.44039999999999946
2023-04-27,200,58,133.0,11.4324,29.0376,-42.0,9.7316,22.1172
2023-04-28,200,77,843.0,19.544,31.77000000000001,710.0,8.111600000000001,2.732400000000009
2023-04-29,200,52,104.0,10.432800000000002,9.7792,-739.0,-9.111199999999998,-21.99080000000001
2023-04-30,200,64,155.0,4.424000000000001,14.8348,51.0,-6.008800000000001,5.0556
2023-05-01,200,78,163.0,10.98,28.978,8.0,6.555999999999999,14.143200000000002
2023-05-02,200,59,186.0,5.9124000000000025,9.7792,23.0,-5.067599999999998,-19.198800000000002
2023-05-03,200,46,69.0,5.303999999999999,21.1784,-117.0,-0.6084000000000032,11.3992
2023-05-04,200,52,106.0,6.338800000000001,15.796399999999997,37.0,1.0348000000000015,-5.382000000000003
2023-05-05,200,51,136.0,5.910000000000001,4.6172,30.0,-0.42879999999999985,-11.179199999999996
2023-05-06,200,87,176.0,2.8584,4.64,40.0,-3.051600000000001,0.022799999999999265
2023-05-07,200,77,804.0,2.208799999999999,4.148399999999999,628.0,-0.6496000000000008,-0.4916000000000009
2023-05-08,200,72,64.0,2.9692000000000003,5.224399999999999,-740.0,0.7604000000000011,1.0760000000000005
2023-05-09,200,39,78.0,6.1036,5.3428,14.0,3.1344,0.11840000000000117
2023-05-10,200,78,320.0,10.1628,23.471200000000003,242.0,4.059200000000001,18.128400000000003
2023-05-11,200,88,240.0,6.936399999999999,10.398,-80.0,-3.2264000000000017,-13.073200000000003
2023-05-12,200,54,208.0,6.3768,5.8340000000000005,-32.0,-0.5595999999999988,-4.563999999999999
2023-05-13,200,71,71.0,5.0988,9.103599999999998,-137.0,-1.2780000000000005,3.269599999999998
2023-05-14,200,41,58.0,4.676399999999999,10.7792,-13.0,-0.42240000000000055,1.675600000000001
2023-05-15,200,43,89.0,6.3228,10.610399999999997,31.0,1.6464000000000008,-0.16880000000000273
2023-05-16,200,35,102.0,3.4496,4.6,13.0,-2.8731999999999998,-6.010399999999997
2023-05-17,200,61,276.0,2.0704,6.0176,174.0,-1.3792000000000004,1.4176000000000002
2023-05-18,200,86,195.0,2.7036,10.1192,-81.0,0.6332,4.1015999999999995
2023-05-19,200,66,133.0,3.0240000000000005,6.391199999999999,-62.0,0.3204000000000007,-3.7280000000000006
2023-05-20,200,64,162.0,5.0944,4.089600000000001,29.0,2.0704,-2.301599999999998
2023-05-21,200,75,173.0,6.114,4.7056,11.0,1.0195999999999996,0.6159999999999988
2023-05-22,200,58,123.0,6.4676,6.546800000000003,-50.0,0.35360000000000014,1.8412000000000033
2023-05-23,200,78,216.0,6.666,9.012800000000002,93.0,0.19840000000000035,2.4659999999999993
2023-05-24,200,55,244.0,3.5436,11.2564,28.0,-3.1224000000000003,2.243599999999997
2023-05-25,200,64,238.0,3.4760000000000004,9.1744,-6.0,-0.06759999999999966,-2.081999999999999
2023-05-26,200,92,197.0,3.7468,7.68,-41.0,0.2707999999999995,-1.4944000000000006
2023-05-27,200,41,134.0,4.106399999999999,12.743999999999996,-63.0,0.35959999999999903,5.0639999999999965
2023-05-28,200,78,243.0,6.5736,14.551999999999998,109.0,2.467200000000001,1.8080000000000016
2023-05-29,200,57,120.0,2.7752,6.224,-123.0,-3.7984,-8.327999999999998
2023-05-30,200,90,162.0,4.206,9.0444,42.0,1.4308000000000005,2.8203999999999994
2023-05-31,200,65,174.0,4.6272,16.5292,12.0,0.4211999999999998,7.4848
2023-06-01,200,42,108.0,3.1535999999999995,4.6156,-66.0,-1.4736000000000007,-11.913599999999999
2023-06-02,200,33,132.0,2.0856,4.138,24.0,-1.0679999999999996,-0.4775999999999998
2023-06-03,200,63,482.0,1.5355999999999996,5.075199999999999,350.0,-0.5500000000000003,0.9371999999999989
2023-06-04,200,65,269.0,4.189199999999999,9.106,-213.0,2.653599999999999,4.030800000000001
2023-06-05,200,62,217.0,5.6808000000000005,8.4104,-52.0,1.4916000000000018,-0.6956000000000007
2023-06-06,200,75,169.0,6.1784,9.6404,-48.0,0.4975999999999994,1.2300000000000004
2023-06-07,200,36,103.0,5.1132,5.971200000000001,-66.0,-1.0652,-3.6691999999999982
2023-06-08,200,71,148.0,5.1124,6.3564,45.0,-0.0007999999999999119,0.38519999999999843
2023-06-09,200,41,143.0,4.876399999999999,4.8872,-5.0,-0.23600000000000065,-1.4691999999999998
2023-06-10,200,39,127.0,4.670400000000001,3.285200000000001,-16.0,-0.20599999999999863,-1.601999999999999
2023-06-11,200,81,182.0,3.2631999999999994,3.858,55.0,-1.4072000000000013,0.5727999999999991
2023-06-12,200,74,283.0,3.8384,5.529600000000001,101.0,0.5752000000000006,1.671600000000001
2023-06-13,200,43,96.0,3.1416000000000004,4.820399999999999,-187.0,-0.6967999999999996,-0.7092000000000018
2023-06-14,200,35,48.0,4.46,3.946,-48.0,1.3183999999999996,-0.8743999999999992
2023-06-15,200,80,486.0,3.98,8.2376,438.0,-0.48,4.291600000000001
2023-06-16,200,43,82.0,4.224,10.840399999999995,-404.0,0.24400000000000022,2.602799999999995
2023-06-17,200,71,180.0,6.8,10.328,98.0,2.5759999999999996,-0.512399999999996
2023-06-18,200,69,138.0,7.865600000000001,18.4648,-42.0,1.0656000000000008,8.136800000000001
2023-06-19,200,41,69.0,9.6232,16.282799999999998,-69.0,1.7576,-2.182000000000002
2023-06-20,200,54,192.0,15.2624,21.4536,123.0,5.639199999999999,5.170800000000003
2023-06-21,200,85,5255.0,8.4056,13.3028,5063.0,-6.8568,-8.150800000000002
2023-06-22,200,40,97.0,6.046399999999998,7.617199999999999,-5158.0,-2.3592000000000013,-5.685600000000001
2023-06-23,200,36,60.0,2.4356000000000004,4.4872,-37.0,-3.610799999999998,-3.129999999999999
2023-06-24,200,47,82.0,3.6296,8.306799999999999,22.0,1.1939999999999995,3.8195999999999994
2023-06-25,200,73,188.0,8.115999999999998,15.582400000000003,106.0,4.486399999999998,7.275600000000004
2023-06-26,200,28,73.0,7.609199999999999,9.176400000000005,-115.0,-0.5067999999999993,-6.405999999999999
2023-06-27,200,72,203.0,3.241999999999999,3.7816,130.0,-4.3671999999999995,-5.3948000000000045
2023-06-28,200,16,144.0,2.8216,8.557599999999999,-59.0,-0.420399999999999,4.775999999999999
2023-06-29,200,52,1159.0,9.314,26.97,1015.0,6.4924,18.412399999999998
2023-06-30,200,20,67.0,7.274799999999999,14.487599999999995,-1092.0,-2.039200000000001,-12.482400000000004
2023-07-01,200,39,198.0,3.1072,7.106000000000002,131.0,-4.167599999999998,-7.3815999999999935
2023-07-02,200,59,197.0,3.3884,3.4712,-1.0,0.2811999999999997,-3.6348000000000016
2023-07-03,200,51,303.0,3.5416000000000003,8.656,106.0,0.15320000000000045,5.184800000000001
2023-07-04,200,69,138.0,4.226,13.3596,-165.0,0.6843999999999997,4.7036
2023-07-05,200,69,170.0,3.297599999999999,7.7264,32.0,-0.9284000000000008,-5.6332
2023-07-06,200,77,187.0,4.51,12.080800000000002,17.0,1.2124000000000006,4.354400000000002
2023-07-07,200,64,364.0,9.0936,23.5212,177.0,4.583600000000001,11.440399999999999
2023-07-08,200,60,160.0,8.0608,7.191200000000002,-204.0,-1.0328,-16.33
2023-07-09,200,78,112.0,6.2204,4.86,-48.0,-1.8404000000000007,-2.3312000000000017
2023-07-10,200,12,65.0,5.9456,9.914799999999998,-47.0,-0.27479999999999993,5.0547999999999975
2023-07-11,200,30,151.0,4.7516,10.758400000000002,86.0,-1.194,0.8436000000000039
2023-07-12,200,55,193.0,3.7552,5.446000000000001,42.0,-0.9964,-5.312400000000001
2023-07-13,200,38,249.0,4.4336,6.7576,56.0,0.6784000000000003,1.3115999999999994
2023-07-14,200,38,77.0,5.3628,11.2032,-172.0,0.9291999999999998,4.445600000000001
2023-07-15,200,35,144.0,6.705999999999998,6.638799999999999,67.0,1.3431999999999977,-4.564400000000002
2023-07-16,200,45,1919.0,3.5619999999999994,9.4316,1775.0,-3.1439999999999984,2.7928000000000006
2023-07-17,200,20,124.0,3.3,7.635200000000001,-1795.0,-0.26199999999999957,-1.7963999999999984
2023-07-18,200,43,116.0,4.7084,9.2984,-8.0,1.4084000000000003,1.6631999999999998
2023-07-19,200,42,231.0,6.348400000000002,12.7368,115.0,1.6400000000000015,3.4383999999999997
2023-07-20,200,1,3.0,2.3404,6.2852,-228.0,-4.008000000000002,-6.451600000000001
2023-07-21,200,29,330.0,5.9908,19.378400000000006,327.0,3.6504000000000003,13.093200000000007
2023-07-22,200,74,433.0,3.8036000000000008,10.8148,103.0,-2.1871999999999994,-8.563600000000006
2023-07-23,200,53,244.0,2.970799999999999,8.688799999999999,-189.0,-0.8328000000000015,-2.1260000000000012
2023-07-24,200,22,117.0,1.2375999999999998,7.1712,-127.0,-1.7331999999999994,-1.517599999999999
2023-07-25,200,79,173.0,2.7835999999999994,3.8928,56.0,1.5459999999999996,-3.2784
2023-07-26,200,38,80.0,1.7383999999999995,5.0624,-93.0,-1.0452,1.1696000000000004
2023-07-27,200,41,218.0,3.6412,9.482,138.0,1.9028000000000005,4.419599999999999
2023-07-28,200,38,260.0,2.286,8.3172,42.0,-1.3552,-1.1647999999999996
2023-07-29,200,19,67.0,4.4564,9.564799999999998,-193.0,2.1704000000000003,1.2475999999999985
2023-07-30,200,62,302.0,4.4700000000000015,5.095599999999999,235.0,0.013600000000001167,-4.469199999999999
2023-07-31,200,18,64.0,2.8044,7.317199999999999,-238.0,-1.6656000000000017,2.2215999999999996
2023-08-01,200,48,649.0,1.8132,7.5428,585.0,-0.9911999999999999,0.2256000000000009
2023-08-02,200,29,555.0,2.6735999999999995,7.972000000000001,-94.0,0.8603999999999996,0.4292000000000016
2023-08-03,200,41,1181.0,1.72,5.3788,626.0,-0.9535999999999996,-2.5932000000000013
2023-08-04,200,51,798.0,4.2116,10.61,-383.0,2.4916,5.231199999999999
2023-08-05,200,70,224.0,2.8552000000000004,7.0672000000000015,-574.0,-1.3563999999999994,-3.542799999999998
2023-08-06,200,36,112.0,2.2468,5.484000000000001,-112.0,-0.6084000000000005,-1.5832000000000006
2023-08-07,200,18,86.0,1.7448,3.8072,-26.0,-0.502,-1.676800000000001
2023-08-08,200,51,1422.0,2.5724,5.098,1336.0,0.8276000000000001,1.2908
2023-08-09,200,9,11.0,3.0372000000000003,9.29,-1411.0,0.4648000000000003,4.191999999999999
2023-08-10,200,67,935.0,3.7172,16.5648,924.0,0.6799999999999997,7.274800000000003
2023-08-11,200,61,152.0,9.735999999999995,31.4196,-783.0,6.018799999999995,14.854799999999997
2023-08-12,200,50,988.0,10.4088,12.1108,836.0,0.6728000000000041,-19.308799999999998
2023-08-13,200,39,144.0,8.6912,21.0548,-844.0,-1.7175999999999991,8.944
2023-08-14,200,35,82.0,9.3148,19.3192,-62.0,0.6235999999999997,-1.7356000000000016
2023-08-15,200,23,336.0,15.2172,18.686400000000003,254.0,5.9024,-0.632799999999996
2023-08-16,200,54,106.0,6.5028,7.371600000000001,-230.0,-8.714400000000001,-11.314800000000002
2023-08-17,200,63,2213.0,4.242000000000001,4.945200000000001,2107.0,-2.260799999999999,-2.4264
2023-08-18,200,55,142.0,12.234799999999998,8.0148,-2071.0,7.992799999999997,3.0695999999999986
2023-08-19,200,45,146.0,20.746399999999998,18.186,4.0,8.5116,10.1712
2023-08-20,200,0,0.0,12.0896,8.2208,-146.0,-8.656799999999997,-9.9652
2023-08-21,200,35,288.0,6.227200000000002,9.8976,288.0,-5.862399999999999,1.6768
2023-08-22,200,72,119.0,7.9768,24.7624,-169.0,1.7495999999999983,14.864799999999999
2023-08-23,200,51,145.0,8.910000000000002,20.0652,26.0,0.933200000000002,-4.697199999999999
2023-08-24,200,35,152.0,10.5736,23.6776,7.0,1.6635999999999989,3.612400000000001
2023-08-25,200,54,187.0,11.6408,14.9992,35.0,1.0671999999999997,-8.678400000000002
2023-08-26,200,20,428.0,7.7456,18.27040000000001,241.0,-3.895200000000001,3.271200000000009
2023-08-27,200,40,170.0,9.4308,24.43640000000001,-258.0,1.6852,6.166
2023-08-28,200,58,430.0,4.692000000000001,11.8104,260.0,-4.738799999999999,-12.62600000000001
2023-08-29,200,44,120.0,4.206,7.646399999999999,-310.0,-0.48600000000000065,-4.164000000000001
2023-08-30,200,80,302.0,6.8308,21.122400000000003,182.0,2.6247999999999996,13.476000000000003
2023-08-31,200,37,147.0,4.402400000000001,9.3,-155.0,-2.428399999999999,-11.822400000000002
2023-09-01,200,56,196.0,15.758,25.930800000000005,49.0,11.355599999999999,16.630800000000004
2023-09-02,200,63,490.0,13.9484,21.2808,294.0,-1.8095999999999997,-4.650000000000006
2023-09-03,200,50,336.0,4.5536,13.9384,-154.0,-9.3948,-7.3424
2023-09-04,200,65,212.0,14.8816,40.1192,-124.0,10.328,26.180799999999998
2023-09-05,200,12,35.0,9.7144,21.298,-177.0,-5.167200000000001,-18.8212
2023-09-06,200,58,247.0,14.6412,20.861600000000003,212.0,4.9268,-0.43639999999999546
2023-09-07,200,47,197.0,14.390000000000002,11.408,-50.0,-0.2511999999999972,-9.453600000000003
2023-09-08,200,17,48.0,19.1484,15.3544,-149.0,4.758399999999996,3.9464000000000006
2023-09-09,200,16,90.0,16.4816,22.534800000000004,42.0,-2.6667999999999985,7.180400000000004
2023-09-10,200,26,70.0,21.05400000000001,34.0228,-20.0,4.572400000000009,11.487999999999992
2023-09-11,200,51,402.0,36.86160000000001,62.658,332.0,15.8076,28.635200000000005
2023-09-12,200,18,30.0,28.385199999999998,36.152,-372.0,-8.476400000000012,-26.506
2023-09-13,200,49,192.0,10.193599999999998,9.2624,162.0,-18.1916,-26.8896
2023-09-14,200,46,220.0,3.4036,15.4388,28.0,-6.789999999999998,6.176400000000001
2023-09-15,200,54,265.0,5.081199999999998,10.786,45.0,1.6775999999999982,-4.652800000000001
2023-09-16,200,61,317.0,15.4156,21.029999999999998,52.0,10.334400000000002,10.243999999999998
2023-09-17,200,61,401.0,24.2592,20.372800000000005,84.0,8.8436,-0.6571999999999925
2023-09-18,200,62,228.0,10.573999999999998,13.836,-173.0,-13.685200000000002,-6.536800000000005
2023-09-19,200,46,502.0,2.2176,8.3996,274.0,-8.356399999999997,-5.436400000000001
2023-09-20,200,44,141.0,3.617199999999999,13.517199999999995,-361.0,1.399599999999999,5.117599999999996
2023-09-21,200,26,56.0,9.323199999999998,14.920400000000006,-85.0,5.7059999999999995,1.4032000000000107
2023-09-22,200,44,1083.0,4.7652,17.502,1027.0,-4.557999999999998,2.581599999999993
2023-09-23,200,51,188.0,2.9608,11.6864,-895.0,-1.8044000000000002,-5.815599999999998
2023-09-24,200,54,971.0,8.0316,25.3152,783.0,5.070799999999999,13.6288
2023-09-25,200,30,58.0,10.694399999999998,25.8688,-913.0,2.662799999999999,0.5535999999999994
2023-09-26,200,71,719.0,21.956000000000003,19.8712,661.0,11.261600000000005,-5.9975999999999985
2023-09-27,200,74,697.0,30.8644,27.9392,-22.0,8.908399999999997,8.067999999999998
2023-09-28,200,48,287.0,29.541200000000003,45.4184,-410.0,-1.3231999999999964,17.4792
2023-09-29,200,68,532.0,24.4592,36.15,245.0,-5.082000000000004,-9.2684
2023-09-30,200,48,342.0,7.61,7.28,-190.0,-16.8492,-28.869999999999997
2023-10-02,200,74,671.0,12.207916666666668,36.58583333333333,329.0,4.597916666666667,29.305833333333332
2023-10-03,200,60,649.0,8.122,13.4212,-22.0,-4.085916666666668,-23.164633333333335
2023-10-04,200,43,616.0,2.9676,10.056399999999998,-33.0,-5.1544,-3.3648000000000025
2023-10-05,200,35,268.0,3.6564000000000014,12.0468,-348.0,0.6888000000000014,1.990400000000001
2023-10-06,200,66,469.0,7.2324,13.6144,201.0,3.5759999999999987,1.5676000000000005
2023-10-07,200,15,64.0,4.7316,8.134400000000001,-405.0,-2.5008,-5.479999999999999
2023-10-08,200,61,449.0,5.518,19.6672,385.0,0.7863999999999995,11.5328
2023-10-09,200,58,1369.0,6.613200000000001,26.498800000000003,920.0,1.095200000000001,6.831600000000002
2023-10-10,200,61,238.0,5.3044,21.407200000000003,-1131.0,-1.3088000000000006,-5.0916
2023-10-11,200,50,697.0,12.898,11.957199999999998,459.0,7.5935999999999995,-9.450000000000005
2023-10-12,200,48,290.0,7.4815999999999985,21.9996,-407.0,-5.416400000000001,10.042400000000002
2023-10-13,200,61,189.0,9.315599999999998,16.754399999999997,-101.0,1.8339999999999996,-5.245200000000004
2023-10-14,200,72,823.0,3.2707999999999986,4.874,634.0,-6.0447999999999995,-11.880399999999998
2023-10-15,200,49,272.0,1.3844,4.416800000000001,-551.0,-1.8863999999999985,-0.4571999999999985
2023-10-16,200,38,470.0,6.194400000000001,19.452,198.0,4.8100000000000005,15.0352
2023-10-17,200,24,122.0,37.421200000000006,59.168800000000005,-348.0,31.226800000000004,39.716800000000006
2023-10-18,200,63,187.0,27.5328,37.6156,65.0,-9.888400000000004,-21.553200000000004
2023-10-19,200,25,240.0,18.374800000000004,11.075199999999995,53.0,-9.157999999999998,-26.540400000000005
2023-10-20,200,19,124.0,5.242400000000001,7.162399999999999,-116.0,-13.132400000000004,-3.9127999999999963
2023-10-21,200,46,227.0,6.115200000000001,18.9264,103.0,0.8727999999999998,11.764000000000003
2023-10-22,200,73,1028.0,3.89,17.293599999999998,801.0,-2.2252000000000005,-1.6328000000000031
2023-10-23,200,69,937.0,15.0472,24.636000000000003,-91.0,11.1572,7.342400000000005
2023-10-24,200,59,662.0,12.510400000000002,19.870800000000003,-275.0,-2.5367999999999977,-4.7652
2023-10-25,200,60,358.0,15.5524,23.750400000000003,-304.0,3.041999999999998,3.8796
2023-10-26,200,30,909.0,7.759200000000001,14.672000000000004,551.0,-7.7932,-9.078399999999998
2023-10-27,200,47,266.0,6.07,13.749200000000004,-643.0,-1.6892000000000005,-0.9228000000000005
2023-10-28,200,55,303.0,4.692800000000002,21.948,37.0,-1.3771999999999984,8.198799999999997
2023-10-29,200,52,417.0,1.1668000000000005,10.1236,114.0,-3.5260000000000016,-11.8244
2023-10-30,200,62,398.0,2.9748,18.8812,-19.0,1.8079999999999996,8.7576
2023-10-31,200,55,448.0,3.4472000000000005,13.715200000000005,50.0,0.4724000000000004,-5.165999999999995
2023-11-01,200,66,286.0,4.106800000000001,25.0144,-162.0,0.6596000000000002,11.299199999999994
2023-11-02,200,79,243.0,5.700399999999999,19.643600000000003,-43.0,1.5935999999999986,-5.370799999999996
2023-11-03,200,67,283.0,4.61,29.2004,40.0,-1.090399999999999,9.556799999999996
2023-11-04,200,64,644.0,1.5164,11.6012,361.0,-3.0936000000000003,-17.599199999999996
2023-11-05,200,68,420.0,0.9756,10.8748,-224.0,-0.5408,-0.7263999999999999
2023-11-06,200,47,537.0,1.0924,11.4648,117.0,0.11680000000000001,0.5899999999999999
2023-11-07,200,63,439.0,1.5792,15.8372,-98.0,0.4867999999999999,4.372399999999999
2023-11-08,200,41,265.0,1.6192000000000002,15.346799999999998,-174.0,0.04000000000000026,-0.49040000000000106
2023-11-09,200,46,407.0,2.3768,18.013199999999998,142.0,0.7575999999999996,2.6663999999999994
2023-11-10,200,45,4331.0,2.8612,27.798,3924.0,0.4844000000000004,9.7848
2023-11-11,200,49,257.0,4.253999999999999,23.415599999999998,-4074.0,1.3927999999999985,-4.3824000000000005
2023-11-12,200,62,433.0,6.6348,26.842,176.0,2.3808000000000016,3.426400000000001
2023-11-13,200,51,184.0,7.044400000000001,26.815200000000004,-249.0,0.4096000000000011,-0.026799999999994384
2023-11-14,200,29,240.0,1.1451999999999998,9.6648,56.0,-5.899200000000001,-17.150400000000005
2023-11-15,200,0,0.0,6.675200000000001,21.1836,-240.0,5.530000000000001,11.518799999999999
2023-11-16,200,45,635.0,3.1532000000000004,19.7956,635.0,-3.5220000000000007,-1.3879999999999981
2023-11-17,200,47,248.0,2.3916000000000004,11.2004,-387.0,-0.7616,-8.5952
2023-11-18,200,82,410.0,4.093999999999999,19.7796,162.0,1.702399999999999,8.579199999999998
2023-11-19,200,61,244.0,2.6560000000000006,12.8936,-166.0,-1.4379999999999988,-6.885999999999999
2023-11-20,200,34,115.0,3.0196000000000005,20.574000000000005,-129.0,0.3635999999999999,7.680400000000006
2023-11-21,200,31,284.0,7.288,14.589600000000004,169.0,4.2684,-5.984400000000001
2023-11-22,200,52,339.0,11.6296,34.3344,55.0,4.3416,19.744799999999998
2023-11-23,200,37,213.0,3.690400000000001,10.591599999999998,-126.0,-7.9392,-23.742800000000003
2023-11-24,200,37,214.0,0.6316,5.5284,1.0,-3.0588000000000006,-5.0631999999999975
2023-11-25,200,52,392.0,1.8704000000000005,11.657599999999997,178.0,1.2388000000000003,6.129199999999996
2023-11-26,200,54,282.0,8.894400000000001,30.4436,-110.0,7.024000000000001,18.786
2023-11-27,200,61,530.0,16.593599999999995,37.6244,248.0,7.699199999999994,7.180800000000001
2023-11-28,200,38,239.0,5.071999999999999,18.5664,-291.0,-11.521599999999996,-19.058
2023-11-29,200,11,54.0,4.066400000000001,22.1648,-185.0,-1.0055999999999985,3.598399999999998
2023-11-30,200,53,665.0,33.2968,56.104,611.0,29.230399999999996,33.9392
2023-12-01,200,26,239.0,25.284,40.305200000000006,-426.0,-8.012799999999999,-15.798799999999993
2023-12-02,200,37,416.0,7.6564,22.200800000000005,177.0,-17.6276,-18.104400000000002
2023-12-03,200,54,210.0,11.9648,28.178399999999996,-206.0,4.308400000000001,5.977599999999992
2023-12-04,200,44,226.0,12.812399999999998,32.092400000000005,16.0,0.8475999999999981,3.9140000000000086
2023-12-05,200,35,314.0,12.4308,23.5316,88.0,-0.38159999999999883,-8.560800000000004
2023-12-06,200,15,38.0,18.8984,32.970400000000005,-276.0,6.467599999999999,9.438800000000004
2023-12-07,200,39,544.0,27.192,34.01240000000001,506.0,8.293600000000001,1.0420000000000016
2023-12-08,200,47,213.0,14.903999999999998,31.6204,-331.0,-12.288000000000002,-2.3920000000000066
2023-12-09,200,50,356.0,15.874800000000004,34.1396,143.0,0.9708000000000059,2.5192000000000014
2023-12-10,200,50,619.0,3.4736,16.385199999999998,263.0,-12.401200000000005,-17.754400000000004
2023-12-11,200,38,237.0,1.8092,15.376,-382.0,-1.6643999999999999,-1.009199999999998
2023-12-12,200,38,166.0,11.599200000000002,27.9112,-71.0,9.790000000000001,12.535200000000001
2023-12-13,200,28,541.0,10.6204,22.592,375.0,-0.9788000000000014,-5.319200000000002
2023-12-14,200,56,612.0,10.9548,23.894,71.0,0.3344000000000005,1.3019999999999996
2023-12-15,200,43,723.0,11.352399999999996,28.065200000000008,111.0,0.3975999999999953,4.17120000000001
2023-12-16,200,62,344.0,7.577199999999999,16.337200000000003,-379.0,-3.7751999999999972,-11.728000000000005
2023-12-17,200,48,211.0,7.082800000000001,14.695199999999998,-133.0,-0.49439999999999795,-1.6420000000000048
2023-12-18,200,28,99.0,8.4156,17.656399999999998,-112.0,1.3327999999999989,2.9612
2023-12-19,200,18,100.0,6.385599999999999,16.588,1.0,-2.0300000000000002,-1.068399999999997
2023-12-20,200,24,193.0,2.1628,11.028,93.0,-4.222799999999999,-5.5600000000000005
2023-12-21,200,0,0.0,0.904,8.5764,-193.0,-1.2588,-2.451600000000001
2023-12-22,200,21,130.0,0.5588000000000001,4.643199999999999,130.0,-0.34519999999999995,-3.9332000000000003
2023-12-23,200,29,129.0,0.7528,6.897600000000001,-1.0,0.19399999999999995,2.2544000000000013
2023-12-24,200,1,1.0,1.9496,13.287999999999997,-128.0,1.1968,6.390399999999996
2023-12-25,200,52,381.0,1.1632,9.3044,380.0,-0.7864,-3.9835999999999974
2023-12-26,200,32,610.0,1.2919999999999998,9.7748,229.0,0.1287999999999998,0.4704000000000015
2023-12-27,200,54,305.0,5.138400000000001,25.042,-305.0,3.846400000000001,15.2672
2023-12-28,200,46,171.0,2.7456,13.4564,-134.0,-2.3928000000000007,-11.585600000000001
2023-12-29,200,42,443.0,1.1735999999999998,9.7304,272.0,-1.5720000000000003,-3.726000000000001
2023-12-30,200,55,500.0,1.6172,15.604399999999998,57.0,0.4436000000000002,5.873999999999999
2023-12-31,200,47,712.0,4.378399999999999,22.3656,212.0,2.761199999999999,6.761200000000002
2024-01-01,200,67,419.0,2.3156,20.3176,-293.0,-2.0627999999999993,-2.048000000000002
2024-01-02,200,37,225.0,3.656399999999999,25.918000000000003,-194.0,1.3407999999999993,5.600400000000004
2024-01-03,200,58,396.0,0.942,11.4748,171.0,-2.7143999999999995,-14.443200000000003
2024-01-04,200,31,581.0,1.3239999999999998,14.422,185.0,0.3819999999999999,2.9472000000000005
2024-01-05,200,41,281.0,3.4396000000000004,15.216399999999998,-300.0,2.1156000000000006,0.7943999999999978
2024-01-06,200,56,696.0,5.4976,9.98,415.0,2.058,-5.236399999999998
2024-01-07,200,60,596.0,3.6544,9.5056,-100.0,-1.8432000000000004,-0.47440000000000104
2024-01-08,200,52,174.0,6.1568,18.863200000000003,-422.0,2.5023999999999997,9.357600000000003
2024-01-09,200,32,351.0,6.31,14.91,177.0,0.1532,-3.9532000000000025
2024-01-10,200,51,1229.0,22.3975,43.19041666666667,878.0,16.087500000000002,28.28041666666667
2024-01-11,200,29,273.0,11.806799999999996,28.191599999999998,-956.0,-10.590700000000005,-14.998816666666674
2024-01-12,200,35,128.0,13.222799999999996,25.2252,-145.0,1.4160000000000004,-2.9663999999999966
2024-01-13,200,47,577.0,3.3004,9.3136,449.0,-9.922399999999996,-15.911600000000002
2024-01-14,200,65,1020.0,1.7756,9.1412,443.0,-1.5247999999999997,-0.17239999999999966
2024-01-15,200,4,308.0,1.3072,10.094399999999998,-712.0,-0.46840000000000015,0.9531999999999989
2024-01-16,200,30,137.0,3.3408,19.6028,-171.0,2.0336000000000003,9.5084
2024-01-17,200,43,736.0,18.42,44.1852,599.0,15.079200000000002,24.582400000000003
2024-01-18,200,48,410.0,22.48999999999999,40.7164,-326.0,4.06999999999999,-3.4688000000000017
2024-01-19,200,54,346.0,6.237199999999998,18.288,-64.0,-16.252799999999993,-22.4284
2024-01-20,200,44,211.0,11.613599999999998,20.6456,-135.0,5.3764,2.3576000000000015
2024-01-21,200,37,218.0,8.161200000000001,21.16000000000001,7.0,-3.4523999999999972,0.5144000000000091
2024-01-22,200,21,234.0,3.2188,12.0768,16.0,-4.942400000000001,-9.08320000000001
2024-01-23,200,42,431.0,2.0816,12.9836,197.0,-1.1372,0.9067999999999987
2024-01-24,200,33,361.0,1.0568,6.2752,-70.0,-1.0248,-6.708399999999999
2024-01-25,200,33,265.0,2.1676,9.0272,-96.0,1.1108000000000002,2.7520000000000007
2024-01-26,200,38,416.0,7.673199999999998,22.48120000000001,151.0,5.505599999999998,13.454000000000008
2024-01-27,200,50,203.0,3.512,10.9992,-213.0,-4.161199999999997,-11.482000000000008
2024-01-28,200,58,308.0,18.822000000000003,33.4984,105.0,15.310000000000002,22.499199999999995
2024-01-29,200,43,176.0,15.6332,45.85759999999999,-132.0,-3.1888000000000023,12.359199999999994
2024-01-30,200,60,348.0,19.732,41.51200000000001,172.0,4.098799999999999,-4.345599999999983
2024-01-31,200,38,99.0,4.396,19.3976,-249.0,-15.335999999999999,-22.114400000000007
2024-02-01,200,59,326.0,3.512400000000001,9.462,227.0,-0.883599999999999,-9.9356
2024-02-02,200,59,691.0,7.161600000000001,16.505999999999993,365.0,3.6492,7.043999999999993
2024-02-03,200,45,342.0,2.962799999999999,7.700399999999999,-349.0,-4.198800000000002,-8.805599999999995
2024-02-04,200,38,452.0,1.6547999999999998,6.419999999999999,110.0,-1.3079999999999994,-1.2804000000000002
2024-02-05,200,22,376.0,2.2136,9.410000000000002,-76.0,0.5588000000000002,2.990000000000003
2024-02-06,200,38,377.0,1.9036000000000004,9.9664,1.0,-0.3099999999999996,0.5563999999999982
2024-02-07,200,37,283.0,4.826,24.2612,-94.0,2.922399999999999,14.294799999999999
2024-02-08,200,31,621.0,22.1856,57.104400000000005,338.0,17.3596,32.84320000000001
2024-02-09,200,33,103.0,9.4768,28.358,-518.0,-12.7088,-28.746400000000005
2024-02-10,200,53,673.0,9.0536,24.796800000000008,570.0,-0.42320000000000135,-3.5611999999999924
2024-02-11,200,32,137.0,13.1916,16.6024,-536.0,4.138,-8.194400000000009
2024-02-12,200,51,903.0,5.843999999999999,17.493199999999998,766.0,-7.3476,0.8907999999999987
2024-02-13,200,51,674.0,12.142000000000005,27.0132,-229.0,6.298000000000005,9.520000000000003
2024-02-14,200,23,131.0,8.101600000000001,29.393199999999997,-543.0,-4.0404000000000035,2.3799999999999955
2024-02-15,200,57,532.0,5.5752,28.6384,401.0,-2.5264000000000015,-0.7547999999999959
2024-02-16,200,59,440.0,7.9808,23.7368,-92.0,2.4056000000000006,-4.901600000000002
2024-02-17,200,68,429.0,8.5472,22.932,-11.0,0.5663999999999998,-0.8048000000000002
2024-02-18,200,54,171.0,15.2512,32.96279999999999,-258.0,6.704000000000001,10.030799999999989
2024-02-19,200,46,334.0,2.522,12.704400000000003,163.0,-12.7292,-20.258399999999984
2024-02-20,200,59,479.0,3.2804,12.1428,145.0,0.7584000000000004,-0.5616000000000039
2024-02-21,200,47,285.0,8.044799999999999,20.872,-194.0,4.764399999999998,8.7292
2024-02-22,200,32,80.0,2.407600000000001,16.375199999999996,-205.0,-5.637199999999998,-4.496800000000004
2024-02-23,200,62,207.0,3.2496000000000005,24.8412,127.0,0.8419999999999996,8.466000000000005
2024-02-24,200,78,377.0,7.04,31.31160000000001,170.0,3.7903999999999995,6.470400000000009
2024-02-25,200,63,318.0,13.186,40.072,-59.0,6.146,8.760399999999994
2024-02-26,200,45,190.0,14.738400000000006,22.960000000000004,-128.0,1.5524000000000058,-17.112
2024-02-27,200,29,323.0,16.150000000000002,10.826,133.0,1.4115999999999964,-12.134000000000004
2024-02-28,200,57,360.0,18.112,35.9452,37.0,1.9619999999999962,25.1192
2024-02-29,200,47,118.0,20.1676,29.3232,-242.0,2.055600000000002,-6.622
2024-03-01,200,50,276.0,37.72,36.1848,158.0,17.5524,6.861600000000003
2024-03-02,200,64,317.0,23.4876,28.767599999999995,41.0,-14.232399999999998,-7.417200000000008
2024-03-03,200,76,1317.0,8.123600000000001,12.6528,1000.0,-15.363999999999999,-16.114799999999995
2024-03-04,200,49,181.0,24.2344,11.4056,-1136.0,16.110799999999998,-1.2471999999999994
2024-03-05,200,23,96.0,10.772,19.8924,-85.0,-13.4624,8.486799999999999
2024-03-06,200,47,184.0,13.202,19.5172,88.0,2.4299999999999997,-0.37519999999999953
2024-03-07,200,38,133.0,17.5808,16.3208,-51.0,4.3788,-3.1964000000000006
2024-03-08,200,57,194.0,18.3068,14.353200000000005,61.0,0.7259999999999991,-1.9675999999999938
2024-03-09,200,66,190.0,14.7376,11.947200000000002,-4.0,-3.5691999999999986,-2.4060000000000024
2024-03-10,200,71,168.0,8.4544,7.924399999999999,-22.0,-6.283200000000001,-4.022800000000004
2024-03-11,200,43,122.0,8.690000000000001,28.1468,-46.0,0.23560000000000159,20.2224
2024-03-12,200,44,132.0,13.220399999999998,30.208,10.0,4.530399999999997,2.0611999999999995
2024-03-13,200,65,121.0,17.239200000000004,34.9308,-11.0,4.018800000000006,4.722799999999999
2024-03-14,200,36,203.0,11.9884,34.743199999999995,82.0,-5.2508000000000035,-0.18760000000000332
2024-03-15,200,56,290.0,7.853600000000001,25.3308,87.0,-4.134799999999999,-9.412399999999995
2024-03-16,200,78,326.0,2.3068,8.603200000000001,36.0,-5.546800000000001,-16.7276
2024-03-17,200,76,296.0,2.6572,11.290000000000004,-30.0,0.35040000000000004,2.6868000000000034
2024-03-18,200,64,228.0,4.4316,15.772,-68.0,1.7744000000000004,4.481999999999996
2024-03-19,200,70,335.0,10.2648,24.464800000000004,107.0,5.833199999999999,8.692800000000004
2024-03-20,200,47,349.0,30.463999999999995,48.9556,14.0,20.199199999999998,24.490799999999993
2024-03-21,200,22,148.0,16.837200000000006,30.447999999999997,-201.0,-13.626799999999989,-18.5076
2024-03-22,200,48,161.0,10.9072,24.9568,13.0,-5.930000000000007,-5.491199999999996
2024-03-23,200,40,140.0,3.894,10.0676,-21.0,-7.013199999999999,-14.8892
2024-03-24,200,59,161.0,2.4984000000000006,12.0432,21.0,-1.3955999999999995,1.9756
2024-03-25,200,60,198.0,8.486799999999999,27.142399999999995,37.0,5.988399999999999,15.099199999999994
2024-03-26,200,77,289.0,8.8624,21.2132,91.0,0.3756000000000004,-5.9291999999999945
2024-03-27,200,74,202.0,9.7468,14.754399999999997,-87.0,0.8844000000000012,-6.458800000000004
2024-03-28,200,62,160.0,3.311199999999998,11.600399999999995,-42.0,-6.435600000000003,-3.1540000000000017
2024-03-29,200,47,123.0,3.8696,23.394,-37.0,0.558400000000002,11.793600000000003
2024-03-30,200,37,211.0,11.826,23.6444,88.0,7.9564,0.2504000000000026
2024-03-31,200,44,105.0,19.7024,32.873999999999995,-106.0,7.8764,9.229599999999994
2024-04-01,200,63,151.0,12.9256,16.3172,46.0,-6.7768000000000015,-16.556799999999996
2024-04-02,200,13,22.0,2.418800000000001,8.1604,-129.0,-10.506799999999998,-8.1568
2024-04-03,200,38,102.0,4.0988,17.054399999999998,80.0,1.6799999999999988,8.893999999999998
2024-04-04,200,25,109.0,2.3532,12.194399999999998,7.0,-1.7455999999999996,-4.859999999999999
2024-04-05,200,56,258.0,3.2159999999999997,12.7968,149.0,0.8627999999999996,0.6024000000000012
2024-04-06,200,76,293.0,4.7404,16.574800000000003,35.0,1.5244000000000004,3.778000000000004
2024-04-07,200,66,255.0,10.4404,28.494,-38.0,5.7,11.919199999999996
2024-04-08,200,19,58.0,22.5336,33.0588,-197.0,12.0932,4.564799999999998
2024-04-09,200,56,142.0,13.7216,14.608800000000004,84.0,-8.812,-18.449999999999996
2024-04-10,200,45,82.0,3.5352,21.753200000000003,-60.0,-10.1864,7.144399999999999
2024-04-11,200,67,261.0,5.3968,16.773600000000005,179.0,1.8615999999999997,-4.979599999999998
2024-04-12,200,56,185.0,6.562800000000001,15.1692,-76.0,1.1660000000000013,-1.6044000000000054
2024-04-13,200,52,100.0,10.7092,11.5536,-85.0,4.146399999999998,-3.6156000000000006
2024-04-14,200,75,233.0,4.235599999999999,8.131200000000002,133.0,-6.4736,-3.422399999999998
2024-04-15,200,29,78.0,2.992,13.265999999999998,-155.0,-1.243599999999999,5.134799999999997
2024-04-16,200,17,40.0,1.0692,6.935200000000001,-38.0,-1.9228,-6.330799999999997
2024-04-17,200,55,411.0,3.0516,10.992800000000004,371.0,1.9824000000000002,4.057600000000003
2024-04-18,200,70,138.0,3.242400000000001,14.107200000000002,-273.0,0.19080000000000075,3.114399999999998
2024-04-19,200,40,461.0,2.2644,13.2804,323.0,-0.9780000000000006,-0.8268000000000022
2024-04-20,200,91,256.0,1.6983999999999997,6.943600000000001,-205.0,-0.5660000000000005,-6.336799999999999
2024-04-21,200,75,263.0,3.5088,10.901599999999998,7.0,1.8104000000000002,3.9579999999999975
2024-04-22,200,26,52.0,6.6972000000000005,33.0876,-211.0,3.1884000000000006,22.186000000000003
2024-04-23,200,23,36.0,8.684,35.356,-16.0,1.9867999999999988,2.2683999999999997
2024-04-24,200,28,85.0,11.6472,37.9992,49.0,2.9632000000000005,2.6432
2024-04-25,200,19,59.0,8.732800000000001,32.467200000000005,-26.0,-2.9143999999999988,-5.5319999999999965
2024-04-26,200,89,235.0,9.0944,38.72760000000001,176.0,0.36159999999999926,6.260400000000004
2024-04-27,200,97,336.0,7.9172,18.4492,101.0,-1.1772,-20.27840000000001
2024-04-28,200,73,183.0,5.540400000000001,11.656,-153.0,-2.3767999999999994,-6.793200000000001
2024-04-29,200,84,193.0,7.7799999999999985,24.042800000000007,10.0,2.2395999999999976,12.386800000000006
2024-04-30,200,79,168.0,11.477600000000002,11.298000000000002,-25.0,3.697600000000004,-12.744800000000005
2024-05-01,200,80,160.0,8.074,5.8536,-8.0,-3.4036000000000026,-5.444400000000002
2024-05-02,200,73,265.0,4.858799999999999,5.756,105.0,-3.215200000000001,-0.09759999999999991
2024-05-03,200,51,172.0,3.2296000000000005,12.5268,-93.0,-1.6291999999999982,6.7707999999999995
2024-05-04,200,110,418.0,4.4444,21.372000000000003,246.0,1.2147999999999994,8.845200000000004
2024-05-05,200,81,200.0,2.7887999999999997,7.937199999999998,-218.0,-1.6556000000000002,-13.434800000000006
2024-05-06,200,57,93.0,2.1608,7.023999999999997,-107.0,-0.6279999999999997,-0.9132000000000007
2024-05-07,200,79,157.0,3.036,9.1592,64.0,0.8752,2.135200000000003
2024-05-08,200,73,174.0,4.326400000000001,7.656799999999999,17.0,1.2904000000000013,-1.5024000000000015
2024-05-09,200,63,154.0,9.243200000000002,29.634,-20.0,4.9168,21.977200000000003
2024-05-10,200,87,172.0,6.4916,28.847600000000003,18.0,-2.7516000000000016,-0.7863999999999969
2024-05-11,200,73,140.0,4.978,11.994799999999996,-32.0,-1.5136000000000003,-16.85280000000001
2024-05-12,200,49,74.0,2.9224,4.714800000000001,-66.0,-2.0555999999999996,-7.279999999999995
2024-05-13,200,49,157.0,6.448,6.138400000000001,83.0,3.5256000000000003,1.4235999999999995
2024-05-14,200,63,137.0,6.8016,5.8852,-20.0,0.35359999999999925,-0.25320000000000054
2024-05-15,200,74,284.0,4.332400000000001,4.816000000000002,147.0,-2.469199999999999,-1.0691999999999986
2024-05-16,200,37,157.0,4.492800000000001,5.134799999999999,-127.0,0.1604000000000001,0.31879999999999775
2024-05-17,200,70,237.0,3.9916,7.1196,80.0,-0.5012000000000008,1.9848000000000008
2024-05-18,200,79,190.0,3.6516,11.1856,-47.0,-0.33999999999999986,4.066000000000001
2024-05-19,200,71,161.0,6.626,22.5312,-29.0,2.9744,11.345599999999997
2024-05-20,200,68,315.0,5.657999999999999,15.2204,154.0,-0.9680000000000017,-7.310799999999999
2024-05-21,200,79,189.0,4.1484000000000005,4.814,-126.0,-1.509599999999998,-10.4064
2024-05-22,200,59,195.0,6.04,9.8876,6.0,1.8915999999999995,5.073600000000001
2024-05-23,200,74,204.0,4.4876,15.3416,9.0,-1.5524000000000004,5.453999999999999
2024-05-24,200,62,237.0,3.588399999999999,8.5748,33.0,-0.8992000000000004,-6.7668
2024-05-25,200,81,251.0,5.7224,16.1444,14.0,2.1340000000000012,7.569600000000001
2024-05-26,200,73,156.0,5.763999999999999,13.7104,-95.0,0.04159999999999897,-2.434000000000001
2024-05-27,200,68,180.0,7.4872,25.2188,24.0,1.7232000000000003,11.508400000000002
2024-05-28,200,16,31.0,6.8740000000000006,24.5596,-149.0,-0.6131999999999991,-0.659200000000002
2024-05-29,200,45,176.0,4.1416,19.358400000000003,145.0,-2.7324,-5.2011999999999965
2024-05-30,200,53,107.0,2.9328000000000003,16.508799999999997,-69.0,-1.2088,-2.849600000000006
2024-05-31,200,86,254.0,5.3656000000000015,17.8596,147.0,2.432800000000001,1.350800000000003
2024-06-01,200,64,142.0,4.945200000000001,3.5468,-112.0,-0.4204000000000008,-14.3128
2024-06-02,200,59,149.0,5.267600000000001,3.714400000000001,7.0,0.3224,0.16760000000000064
2024-06-03,200,54,170.0,3.2452000000000005,5.352800000000001,21.0,-2.0224,1.6384000000000003
2024-06-04,200,65,212.0,3.4075999999999995,12.5064,42.0,0.162399999999999,7.153599999999998
2024-06-05,200,66,137.0,3.6216,11.6,-75.0,0.2140000000000004,-0.9063999999999997
2024-06-06,200,45,234.0,2.5952,14.1556,97.0,-1.0263999999999998,2.5556
2024-06-07,200,41,124.0,4.214799999999999,16.9792,-110.0,1.6195999999999993,2.823599999999999
2024-06-08,200,64,3158.0,5.6844,11.000400000000004,3034.0,1.4696000000000007,-5.978799999999994
2024-06-09,200,79,283.0,1.7088,5.628399999999999,-2875.0,-3.9756,-5.372000000000005
2024-06-10,200,50,93.0,2.7303999999999995,15.9348,-190.0,1.0215999999999994,10.3064
2024-06-11,200,24,52.0,1.0972,5.516799999999998,-41.0,-1.6331999999999995,-10.418000000000001
2024-06-12,200,41,137.0,0.9052000000000002,6.2272,85.0,-0.19199999999999973,0.7104000000000017
2024-06-13,200,41,147.0,1.764,13.347999999999995,10.0,0.8587999999999998,7.120799999999996
2024-06-14,200,45,113.0,3.1496,12.6656,-34.0,1.3856,-0.6823999999999959
2024-06-15,200,27,53.0,2.9324,12.3792,-60.0,-0.21720000000000006,-0.28639999999999866
2024-06-16,200,68,204.0,3.665200000000001,17.809199999999997,151.0,0.732800000000001,5.429999999999996
2024-06-17,200,54,94.0,2.9896,19.049200000000003,-110.0,-0.6756000000000011,1.2400000000000055
2024-06-18,200,53,70.0,2.8284,14.3916,-24.0,-0.1612,-4.657600000000002
2024-06-19,200,20,50.0,3.1928,9.864000000000004,-20.0,0.3644000000000003,-4.527599999999996
2024-06-20,200,61,310.0,4.912,11.1168,260.0,1.7191999999999998,1.2527999999999953
2024-06-21,200,15,17.0,8.380799999999999,15.114799999999995,-293.0,3.468799999999999,3.997999999999996
2024-06-22,200,26,68.0,3.421200000000001,4.7852,51.0,-4.959599999999998,-10.329599999999996
2024-06-23,200,52,133.0,5.654799999999999,6.587200000000001,65.0,2.233599999999998,1.8020000000000014
2024-06-24,200,47,114.0,3.3715999999999995,7.565999999999998,-19.0,-2.2831999999999995,0.978799999999997
2024-06-25,200,58,236.0,4.9556,8.0516,122.0,1.584,0.4856000000000025
2024-06-26,200,57,197.0,6.780400000000001,6.722799999999999,-39.0,1.8248000000000015,-1.328800000000001
2024-06-27,200,46,278.0,7.3992,19.8028,81.0,0.6187999999999994,13.080000000000002
2024-06-28,200,44,110.0,5.900400000000001,9.971200000000003,-168.0,-1.4987999999999992,-9.831599999999998
2024-06-29,200,71,241.0,7.200000000000001,10.573200000000002,131.0,1.2995999999999999,0.6019999999999985
2024-06-30,200,40,204.0,3.9316,4.569599999999999,-37.0,-3.268400000000001,-6.003600000000002
2024-07-01,200,31,88.0,2.4784,5.166,-116.0,-1.4531999999999998,0.5964000000000009
2024-07-02,200,58,297.0,0.9428000000000002,3.9328,209.0,-1.5356,-1.2332000000000005
2024-07-03,200,39,60.0,1.0244,5.1904,-237.0,0.08159999999999978,1.2576000000000005
2024-07-04,200,35,449.0,2.0416000000000003,7.778,389.0,1.0172000000000003,2.5875999999999992
2024-07-05,200,30,338.0,2.1208,8.0112,-111.0,0.07919999999999972,0.23320000000000096
2024-07-06,200,49,108.0,1.7527999999999997,5.0712,-230.0,-0.3680000000000003,-2.9400000000000004
2024-07-07,200,50,99.0,1.784,8.000399999999999,-9.0,0.03120000000000034,2.929199999999999
2024-07-08,200,29,134.0,2.9952000000000005,10.015999999999998,35.0,1.2112000000000005,2.015599999999999
2024-07-09,200,50,147.0,6.3284,6.2548,13.0,3.3331999999999997,-3.761199999999998
2024-07-10,200,29,91.0,8.509999999999998,10.243200000000002,-56.0,2.1815999999999978,3.9884000000000013
2024-07-11,200,45,618.0,4.9464,15.2836,527.0,-3.5635999999999983,5.040399999999998
2024-07-12,200,25,126.0,3.5604,7.940399999999999,-492.0,-1.3859999999999997,-7.343200000000001
2024-07-13,200,41,172.0,2.3404000000000003,7.302400000000001,46.0,-1.2199999999999998,-0.6379999999999972
2024-07-14,200,44,466.0,2.482,11.125199999999998,294.0,0.14159999999999995,3.8227999999999964
2024-07-15,200,63,755.0,4.466400000000001,11.064799999999998,289.0,1.9844000000000008,-0.060399999999999565
2024-07-16,200,33,141.0,5.626399999999999,10.6196,-614.0,1.1599999999999984,-0.44519999999999804
2024-07-17,200,56,195.0,1.6428,5.571600000000001,54.0,-3.983599999999999,-5.047999999999999
2024-07-18,200,55,781.0,2.3748,9.7188,586.0,0.732,4.147199999999999
2024-07-19,200,15,57.0,4.9968,10.6588,-724.0,2.6220000000000003,0.9399999999999995
2024-07-20,200,49,216.0,4.962400000000001,4.110799999999999,159.0,-0.034399999999999764,-6.548
2024-07-21,200,36,131.0,7.7736,11.3604,-85.0,2.8111999999999995,7.249600000000001
2024-07-22,200,21,275.0,10.16,23.65,144.0,2.3864,12.289599999999998
2024-07-25,200,63,908.0,2.6579166666666665,10.460833333333332,633.0,-7.502083333333333,-13.189166666666667
2024-07-26,200,51,288.0,5.543200000000001,11.3904,-620.0,2.885283333333334,0.929566666666668
2024-07-27,200,21,37.0,6.524400000000001,11.744399999999995,-251.0,0.9812000000000003,0.35399999999999565
2024-07-28,200,47,400.0,2.0488,3.448799999999999,363.0,-4.475600000000001,-8.295599999999997
2024-07-29,200,28,65.0,1.8903999999999996,5.871999999999999,-335.0,-0.15840000000000032,2.4232
2024-07-30,200,35,472.0,8.273600000000002,18.776399999999995,407.0,6.383200000000002,12.904399999999995
2024-07-31,200,36,2881.0,8.152000000000001,10.5616,2409.0,-0.12160000000000082,-8.214799999999995
2024-08-01,200,59,571.0,6.755999999999999,8.1284,-2310.0,-1.3960000000000017,-2.433200000000001
2024-08-02,200,29,486.0,4.2792,8.4332,-85.0,-2.476799999999999,0.3048000000000002
2024-08-03,200,38,74.0,3.8996,17.979200000000002,-412.0,-0.3796000000000004,9.546000000000003
2024-08-04,200,28,230.0,2.5256000000000007,8.304400000000001,156.0,-1.3739999999999992,-9.674800000000001
2024-08-05,200,44,854.0,1.9712,-389.5636,624.0,-0.5544000000000007,-397.868
2024-08-06,200,47,326.0,5.684000000000001,18.3604,-528.0,3.712800000000001,407.924
2024-08-07,200,60,598.0,8.465200000000003,16.0092,272.0,2.781200000000002,-2.3511999999999986
2024-08-08,200,61,308.0,4.638400000000001,13.1088,-290.0,-3.826800000000002,-2.9003999999999994
2024-08-09,200,29,126.0,4.4808,13.7248,-182.0,-0.1576000000000004,0.6159999999999997
2024-08-10,200,55,331.0,4.65,-393.4976,205.0,0.16920000000000002,-407.2224
2024-08-11,200,43,129.0,3.907200000000001,-392.6516,-202.0,-0.7427999999999995,0.8460000000000036
2024-08-12,200,27,119.0,7.194,17.182000000000002,-10.0,3.286799999999999,409.8336
2024-08-13,200,48,363.0,6.5528,6.362799999999998,244.0,-0.6411999999999995,-10.819200000000004
2024-08-14,200,38,227.0,10.5744,8.881600000000002,-136.0,4.0216,2.518800000000004
2024-08-15,200,26,131.0,14.255199999999997,16.054799999999997,-96.0,3.680799999999996,7.173199999999994
2024-08-16,200,49,245.0,8.033600000000002,17.785199999999996,114.0,-6.221599999999995,1.7303999999999995
2024-08-17,200,26,852.0,5.981600000000001,10.771999999999997,607.0,-2.0520000000000005,-7.013199999999999
2024-08-18,200,36,82.0,3.538400000000001,4.831199999999999,-770.0,-2.4432,-5.940799999999998
2024-08-19,200,49,144.0,3.435199999999999,11.6116,62.0,-0.10320000000000196,6.7804
2024-08-20,200,57,246.0,5.903599999999999,14.1436,102.0,2.4684,2.532
2024-08-21,200,53,647.0,3.5436000000000005,5.781999999999999,401.0,-2.3599999999999985,-8.3616
2024-08-22,200,47,327.0,3.523200000000001,11.969599999999998,-320.0,-0.02039999999999953,6.187599999999999
2024-08-23,200,59,244.0,6.432,9.732,-83.0,2.9087999999999994,-2.2375999999999987
2024-08-24,200,16,47.0,6.460000000000001,10.0164,-197.0,0.02800000000000047,0.28440000000000154
2024-08-25,200,56,334.0,4.259200000000002,10.624,287.0,-2.200799999999999,0.6075999999999997
2024-08-26,200,53,117.0,6.8636,28.696000000000005,-217.0,2.6043999999999983,18.072000000000003
2024-08-27,200,47,103.0,21.7328,32.9088,-14.0,14.869200000000001,4.212799999999994
2024-08-28,200,34,89.0,17.128399999999996,12.019999999999998,-14.0,-4.604400000000005,-20.888800000000003
2024-08-29,200,23,446.0,17.207199999999997,32.2432,357.0,0.07880000000000109,20.223200000000006
2024-08-30,200,50,927.0,13.602800000000002,10.3972,481.0,-3.6043999999999947,-21.846000000000004
2024-08-31,200,28,79.0,4.171200000000001,4.2924,-848.0,-9.431600000000001,-6.1048
2024-09-01,200,70,293.0,2.6636,6.473599999999999,214.0,-1.5076000000000005,2.1811999999999996
2024-09-02,200,56,239.0,7.0024,10.482399999999998,-54.0,4.338799999999999,4.008799999999999
2024-09-03,200,48,514.0,11.8808,13.890800000000002,275.0,4.878400000000001,3.408400000000004
2024-09-04,200,31,121.0,11.8456,10.816400000000002,-393.0,-0.03520000000000145,-3.0744000000000007
2024-09-05,200,29,125.0,6.874,4.3448,4.0,-4.9716,-6.471600000000001
2024-09-06,200,48,175.0,8.782800000000002,9.376,50.0,1.908800000000002,5.031199999999999
2024-09-07,200,62,502.0,8.8836,9.7136,327.0,0.10079999999999778,0.3376000000000001
2024-09-08,200,56,283.0,8.361200000000002,16.5172,-219.0,-0.5223999999999975,6.803599999999999
2024-09-09,200,38,197.0,8.86,17.65,-86.0,0.49879999999999747,1.1327999999999996
2024-09-10,200,46,230.0,2.0941666666666663,10.507083333333332,33.0,-6.765833333333333,-7.142916666666666
2024-09-11,200,45,118.0,1.9412,14.3092,-112.0,-0.15296666666666625,3.8021166666666684
2024-09-12,200,43,170.0,4.6308,23.141200000000005,52.0,2.6895999999999995,8.832000000000004
2024-09-13,200,48,119.0,1.9584,9.082400000000002,-51.0,-2.6723999999999997,-14.058800000000003
2024-09-14,200,42,180.0,0.5624,2.7628,61.0,-1.396,-6.319600000000001
2024-09-15,200,67,1090.0,0.8171999999999998,2.968,910.0,0.2547999999999998,0.20520000000000005
2024-09-16,200,34,1003.0,2.1612,5.0604000000000005,-87.0,1.3440000000000003,2.0924000000000005
2024-09-17,200,44,121.0,12.194400000000003,8.191199999999998,-882.0,10.033200000000004,3.130799999999998
2024-09-18,200,48,442.0,11.964399999999998,9.7232,321.0,-0.23000000000000576,1.5320000000000018
2024-09-19,200,70,436.0,9.690799999999998,6.9132,-6.0,-2.2736,-2.8100000000000005
2024-09-20,200,57,340.0,8.296799999999998,7.672799999999999,-96.0,-1.3940000000000001,0.7595999999999989
2024-09-21,200,52,251.0,12.9032,8.852000000000002,-89.0,4.6064000000000025,1.1792000000000034
2024-09-22,200,80,857.0,17.157600000000002,13.841200000000004,606.0,4.254400000000002,4.989200000000002
2024-09-23,200,54,707.0,19.7176,26.972,-150.0,2.5599999999999987,13.130799999999997
2024-09-24,200,35,247.0,13.577200000000005,21.3852,-460.0,-6.140399999999996,-5.5868
2024-09-25,200,36,112.0,1.3112,14.4188,-135.0,-12.266000000000005,-6.966400000000002
2024-09-26,200,50,173.0,1.2604,9.7116,61.0,-0.050799999999999956,-4.7071999999999985
2024-09-27,200,48,424.0,0.6508000000000002,6.295999999999999,251.0,-0.6095999999999998,-3.4156000000000013
2024-09-28,200,53,541.0,0.6335999999999999,4.3464,117.0,-0.017200000000000215,-1.9495999999999993
2024-09-29,200,68,555.0,4.0196,21.0988,14.0,3.3859999999999997,16.7524
2024-09-30,200,43,347.0,3.3852,9.6776,-208.0,-0.6343999999999994,-11.4212
2024-10-01,200,43,656.0,8.794,15.140800000000002,309.0,5.4088,5.463200000000002
2024-10-02,200,28,258.0,5.023999999999999,8.298800000000002,-398.0,-3.7700000000000014,-6.8420000000000005
2024-10-03,200,79,592.0,0.7404,4.8796,334.0,-4.283599999999999,-3.419200000000002
2024-10-04,200,65,815.0,0.9408,5.6996,223.0,0.20040000000000002,0.8200000000000003
2024-10-05,200,71,705.0,3.7224,16.6964,-110.0,2.7816,10.9968
2024-10-06,200,70,740.0,6.916,19.704,35.0,3.1936000000000004,3.0076
2024-10-07,200,50,634.0,9.2148,26.7252,-106.0,2.2988,7.0212
2024-10-08,200,56,704.0,14.9124,31.0928,70.0,5.6975999999999996,4.3675999999999995
2024-10-09,200,64,728.0,3.6168,16.45,24.0,-11.2956,-14.642800000000001
2024-10-10,200,52,830.0,1.3959999999999997,8.213599999999996,102.0,-2.2208000000000006,-8.236400000000003
2024-10-11,200,72,662.0,2.4884,16.206799999999998,-168.0,1.0924000000000003,7.993200000000002
2024-10-12,200,63,939.0,4.891999999999999,17.824,277.0,2.4035999999999986,1.617200000000004
2024-10-13,200,50,937.0,1.1988,4.839600000000001,-2.0,-3.6931999999999983,-12.9844
2024-10-14,200,58,192.0,1.3192,9.924,-745.0,0.12039999999999984,5.084399999999999
2024-10-15,200,76,721.0,6.3832,29.9588,529.0,5.064,20.0348
2024-10-16,200,70,971.0,8.9916,9.780400000000002,250.0,2.6083999999999996,-20.178399999999996
2024-10-17,200,73,1019.0,6.382000000000001,12.0748,48.0,-2.6095999999999995,2.2943999999999978
2024-10-18,200,48,618.0,9.3332,14.5864,-401.0,2.951199999999999,2.5115999999999996
2024-10-19,200,70,673.0,10.6724,18.7544,55.0,1.3392,4.168000000000001
2024-10-20,200,71,419.0,15.421600000000002,19.192400000000003,-254.0,4.749200000000002,0.4380000000000024
2024-10-21,200,50,451.0,13.0252,29.488000000000007,32.0,-2.3964000000000016,10.295600000000004
2024-10-22,200,59,1196.0,9.876,22.520000000000003,745.0,-3.1492000000000004,-6.9680000000000035
2024-10-23,200,75,940.0,13.4248,31.83,-256.0,3.5488,9.309999999999995
2024-10-24,200,57,882.0,15.6412,21.495600000000003,-58.0,2.2164,-10.334399999999995
2024-10-25,200,59,948.0,23.837200000000003,28.1716,66.0,8.196000000000003,6.675999999999998
2024-10-26,200,60,379.0,28.437599999999996,21.7424,-569.0,4.600399999999993,-6.429200000000002
2024-10-27,200,73,1170.0,14.4188,14.503999999999998,791.0,-14.018799999999997,-7.238400000000002
2024-10-28,200,51,251.0,13.1696,24.923199999999994,-919.0,-1.2491999999999983,10.419199999999996
2024-10-29,200,43,136.0,8.679599999999999,21.152800000000003,-115.0,-4.490000000000002,-3.7703999999999915
2024-10-30,200,37,279.0,2.8848,12.361999999999998,143.0,-5.794799999999999,-8.790800000000004
2024-10-31,200,33,574.0,3.6019999999999994,15.480800000000006,295.0,0.7171999999999996,3.1188000000000073
2024-11-01,200,51,450.0,11.2148,18.796,-124.0,7.612800000000001,3.3151999999999937
2024-11-02,200,60,184.0,3.5028,18.471599999999995,-266.0,-7.712,-0.32440000000000424
2024-11-03,200,70,544.0,8.518,28.372,360.0,5.0152,9.900400000000005
2024-11-04,200,63,832.0,21.294,33.5848,288.0,12.776,5.212800000000001
2024-11-05,200,58,1274.0,22.203199999999995,32.0384,442.0,0.9091999999999949,-1.5463999999999984
2024-11-06,200,15,58.0,30.880399999999995,30.7356,-1216.0,8.6772,-1.3028000000000013
2024-11-07,200,18,31.0,26.242400000000004,30.448,-27.0,-4.637999999999991,-0.2876000000000012
2024-11-08,200,27,379.0,15.5528,14.8016,348.0,-10.689600000000004,-15.6464
2024-11-09,200,45,661.0,28.2088,22.0572,282.0,12.656,7.255600000000001
2024-11-10,200,45,555.0,51.86559999999999,38.2832,-106.0,23.656799999999993,16.226
2024-11-11,200,42,384.0,52.4652,36.6648,-171.0,0.5996000000000095,-1.6184000000000012
2024-11-12,200,29,239.0,34.188399999999994,29.468000000000004,-145.0,-18.27680000000001,-7.196799999999996
2024-11-13,200,27,572.0,13.5308,28.6932,333.0,-20.657599999999995,-0.7748000000000026
2024-11-14,200,50,722.0,5.477600000000001,18.7476,150.0,-8.053199999999999,-9.945600000000002
2024-11-15,200,43,390.0,4.3384,16.464399999999998,-332.0,-1.1392000000000007,-2.283200000000001
2024-11-16,200,63,524.0,8.2728,15.1548,134.0,3.9344,-1.3095999999999979
2024-11-17,200,44,88.0,3.864800000000001,8.434800000000001,-436.0,-4.4079999999999995,-6.719999999999999
2024-11-18,200,27,361.0,1.4064,9.256,273.0,-2.458400000000001,0.8211999999999993
2024-11-19,200,25,265.0,6.276399999999999,22.722,-96.0,4.869999999999999,13.466000000000001
2024-11-20,200,29,164.0,2.6140000000000008,12.01,-101.0,-3.662399999999998,-10.712000000000002
2024-11-21,200,21,107.0,4.0656,15.377599999999996,-57.0,1.4515999999999991,3.367599999999996
2024-11-22,200,43,191.0,6.5388,20.824,84.0,2.4732000000000003,5.446400000000006
2024-11-23,200,48,399.0,4.007200000000001,14.9904,208.0,-2.531599999999999,-5.833600000000002
2024-11-24,200,59,305.0,1.6888,13.1888,-94.0,-2.318400000000001,-1.8015999999999988
2024-11-25,200,48,311.0,2.7668,19.128,6.0,1.0779999999999998,5.9392
2024-11-26,200,38,511.0,5.5752,26.8632,200.0,2.8084,7.735199999999999
2024-11-27,200,47,468.0,6.868400000000001,27.917600000000007,-43.0,1.2932000000000015,1.0544000000000082
2024-11-28,200,13,5.0,0.8191999999999999,7.9312,-463.0,-6.049200000000001,-19.986400000000007
2024-11-29,200,52,396.0,13.5776,36.851600000000005,391.0,12.7584,28.920400000000004
2024-11-30,200,58,219.0,11.2796,33.8192,-177.0,-2.298,-3.0324000000000026
2024-12-01,200,54,330.0,19.8056,37.2764,111.0,8.525999999999998,3.4572000000000003
2024-12-02,200,36,196.0,15.967600000000004,37.8644,-134.0,-3.837999999999994,0.588000000000001
2024-12-03,200,34,546.0,9.2108,26.7256,350.0,-6.756800000000004,-11.138800000000003
2024-12-04,200,31,452.0,7.206,25.27960000000001,-94.0,-2.0048000000000004,-1.4459999999999908
2024-12-05,200,48,182.0,10.9188,25.0256,-270.0,3.7127999999999988,-0.25400000000000844
2024-12-06,200,8,27.0,7.227199999999999,33.4044,-155.0,-3.6916,8.378800000000002
2024-12-07,200,45,262.0,5.2388,18.8836,235.0,-1.9883999999999986,-14.520800000000001
2024-12-08,200,28,362.0,8.0948,14.288800000000004,100.0,2.855999999999999,-4.5947999999999976
2024-12-09,200,27,210.0,5.0532,14.562,-152.0,-3.041599999999999,0.27319999999999567
2024-12-10,200,28,175.0,6.513599999999999,15.0696,-35.0,1.460399999999999,0.5076
2024-12-11,200,56,256.0,8.1392,31.284,81.0,1.6256000000000013,16.214399999999998
2024-12-12,200,45,347.0,33.712,69.8612,91.0,25.5728,38.5772
2024-12-13,200,45,339.0,21.0368,41.92280000000001,-8.0,-12.675200000000004,-27.938399999999987
2024-12-14,200,39,528.0,22.7528,30.255600000000005,189.0,1.716000000000001,-11.667200000000005
2024-12-15,200,15,59.0,4.289599999999999,10.4772,-469.0,-18.4632,-19.778400000000005
2024-12-16,200,19,397.0,1.5832000000000006,8.174400000000002,338.0,-2.7063999999999986,-2.3027999999999977
2024-12-17,200,27,318.0,3.1884,11.5452,-79.0,1.6051999999999995,3.3707999999999974
2024-12-18,200,22,59.0,5.1104,19.840000000000003,-259.0,1.9220000000000002,8.294800000000004
2024-12-19,200,14,151.0,1.3456,10.262,92.0,-3.7648,-9.578000000000003
2024-12-20,200,34,507.0,1.8536,8.896,356.0,0.508,-1.3659999999999997
2024-12-21,200,38,152.0,4.020000000000001,13.1748,-355.0,2.166400000000001,4.278799999999999
2024-12-22,200,52,507.0,1.0012,10.791200000000002,355.0,-3.0188000000000015,-2.3835999999999977
2024-12-23,200,38,236.0,2.6036000000000006,11.943600000000002,-271.0,1.6024000000000005,1.1524
2024-12-24,200,19,154.0,7.4284,31.324,-82.0,4.8248,19.3804
2024-12-25,200,48,262.0,20.536,51.14840000000001,108.0,13.107600000000001,19.824400000000008
2024-12-26,200,40,236.0,50.0148,42.7316,-26.0,29.4788,-8.41680000000001
2024-12-27,200,50,319.0,60.56840000000001,47.96799999999999,83.0,10.55360000000001,5.236399999999989
2024-12-28,200,24,107.0,73.7388,61.7464,-212.0,13.170399999999987,13.778400000000012
2024-12-29,200,52,311.0,36.138,44.9796,204.0,-37.6008,-16.766800000000003
2024-12-30,200,19,53.0,13.884800000000002,20.3928,-258.0,-22.253199999999996,-24.586799999999997
2024-12-31,200,45,220.0,16.4748,24.08,167.0,2.5899999999999963,3.687199999999997
2025-01-01,200,43,131.0,4.6732,10.580399999999996,-89.0,-11.801599999999999,-13.499600000000003
2025-01-02,200,53,314.0,1.3296,9.182,183.0,-3.3435999999999995,-1.3983999999999952
2025-01-03,200,20,67.0,1.5252,8.276,-247.0,0.1956,-0.9060000000000006
2025-01-04,200,47,593.0,6.211199999999999,18.9348,526.0,4.685999999999999,10.6588
2025-01-05,200,59,336.0,10.6604,24.759599999999995,-257.0,4.4492,5.824799999999996
2025-01-06,200,29,370.0,1.8835999999999995,15.9016,34.0,-8.7768,-8.857999999999995
2025-01-07,200,35,176.0,1.1855999999999998,13.195600000000002,-194.0,-0.6979999999999997,-2.7059999999999977
2025-01-08,200,36,188.0,3.3136,22.397600000000008,12.0,2.128,9.202000000000005
2025-01-09,200,7,19.0,8.8268,28.7236,-169.0,5.5132,6.325999999999993
2025-01-10,200,22,369.0,4.909199999999999,15.5464,350.0,-3.917600000000001,-13.177200000000001
2025-01-11,200,42,805.0,0.9536,5.400000000000001,436.0,-3.9555999999999996,-10.1464
2025-01-12,200,60,540.0,2.7288,17.040799999999997,-265.0,1.7752000000000001,11.640799999999995
2025-01-13,200,43,257.0,16.8652,50.81880000000001,-283.0,14.136400000000002,33.77800000000001
2025-01-14,200,27,308.0,12.345199999999998,28.048399999999997,51.0,-4.520000000000003,-22.770400000000013
2025-01-15,200,13,89.0,11.0636,29.084,-219.0,-1.2815999999999992,1.0356000000000023
2025-01-16,200,54,260.0,10.5304,35.726000000000006,171.0,-0.533199999999999,6.642000000000007
2025-01-17,200,45,276.0,20.24,49.8472,16.0,9.709599999999998,14.121199999999995
2025-01-18,200,54,397.0,33.9748,43.92400000000001,121.0,13.734800000000003,-5.923199999999994
2025-01-19,200,58,187.0,36.7536,32.7924,-210.0,2.778799999999997,-11.131600000000006
2025-01-20,200,34,232.0,28.674399999999995,46.6928,45.0,-8.079200000000004,13.900399999999998
2025-01-21,200,35,373.0,55.44,66.4748,141.0,26.765600000000003,19.782000000000004
2025-01-22,200,26,98.0,43.63040000000001,43.232000000000006,-275.0,-11.809599999999989,-23.242799999999995
2025-01-23,200,7,38.0,11.999999999999996,24.538,-60.0,-31.630400000000012,-18.694000000000006
2025-01-24,200,43,342.0,3.9916,22.2092,304.0,-8.008399999999996,-2.328800000000001
2025-01-25,200,32,168.0,7.1556,30.153600000000004,-174.0,3.1639999999999997,7.944400000000005
2025-01-26,200,41,122.0,7.0152,27.13359999999999,-46.0,-0.14039999999999964,-3.020000000000014
2025-01-27,200,26,389.0,2.3244,17.827600000000004,267.0,-4.6908,-9.305999999999987
2025-01-28,200,39,216.0,9.7072,44.7668,-173.0,7.3828000000000005,26.9392
2025-01-29,200,33,64.0,3.024,20.858400000000003,-152.0,-6.6832,-23.9084
2025-01-30,200,34,233.0,6.619199999999998,35.8704,169.0,3.5951999999999984,15.011999999999993
2025-01-31,200,48,308.0,3.8516,11.5844,75.0,-2.7675999999999985,-24.285999999999994
2025-02-01,200,73,453.0,16.528,35.5384,145.0,12.6764,23.954
2025-02-02,200,50,444.0,12.026799999999998,30.358,-9.0,-4.501200000000001,-5.180400000000002
2025-02-03,200,49,275.0,47.11160000000001,69.69760000000001,-169.0,35.084800000000016,39.339600000000004
2025-02-04,200,36,169.0,51.81399999999999,66.13200000000002,-106.0,4.702399999999983,-3.5655999999999892
2025-02-05,200,21,101.0,33.36319999999999,40.537600000000005,-68.0,-18.4508,-25.594400000000014
2025-02-06,200,32,72.0,17.511200000000002,27.4996,-29.0,-15.85199999999999,-13.038000000000004
2025-02-07,200,50,590.0,8.486800000000002,13.780799999999996,518.0,-9.0244,-13.718800000000005
2025-02-08,200,39,128.0,17.430400000000002,16.618399999999998,-462.0,8.9436,2.837600000000002
2025-02-09,200,68,298.0,18.5352,19.7812,170.0,1.1047999999999973,3.1628000000000007
2025-02-10,200,22,58.0,19.0124,18.342800000000004,-240.0,0.47719999999999985,-1.4383999999999943
2025-02-11,200,47,238.0,15.1172,16.477600000000006,180.0,-3.895199999999999,-1.865199999999998
2025-02-12,200,43,297.0,20.0652,20.742800000000003,59.0,4.948,4.2651999999999965
2025-02-13,200,12,2487.0,23.848000000000003,28.5904,2190.0,3.7828000000000017,7.847599999999996
2025-02-14,200,48,237.0,8.868,23.9528,-2250.0,-14.980000000000002,-4.637599999999999
2025-02-15,200,63,971.0,22.189599999999995,60.69,734.0,13.321599999999995,36.7372
2025-02-16,200,60,823.0,13.390000000000002,42.01800000000001,-148.0,-8.799599999999993,-18.67199999999999
2025-02-17,200,48,886.0,43.912000000000006,71.8492,63.0,30.522000000000006,29.83119999999999
2025-02-18,200,54,823.0,37.86000000000001,69.3828,-63.0,-6.052,-2.466399999999993
2025-02-19,200,51,743.0,52.72840000000001,83.81720000000001,-80.0,14.868400000000001,14.43440000000001
2025-02-20,200,53,253.0,26.7132,27.8088,-490.0,-26.015200000000007,-56.00840000000001
2025-02-21,200,40,346.0,49.62880000000001,46.51559999999999,93.0,22.915600000000012,18.70679999999999
2025-02-22,200,55,185.0,26.796800000000005,25.19,-161.0,-22.832000000000008,-21.32559999999999
2025-02-23,200,76,482.0,18.3488,33.0932,297.0,-8.448000000000004,7.903200000000002
2025-02-24,200,47,451.0,13.210000000000004,33.07919999999999,-31.0,-5.138799999999996,-0.014000000000010004
2025-02-25,200,15,33.0,24.280000000000005,46.542,-418.0,11.07,13.462800000000009
2025-02-26,200,35,243.0,25.654,37.78280000000001,210.0,1.3739999999999952,-8.759199999999993
2025-02-27,200,42,559.0,14.345999999999998,38.9336,316.0,-11.308000000000002,1.1507999999999896
2025-02-28,200,25,78.0,12.6044,27.1748,-481.0,-1.7415999999999983,-11.758799999999997
2025-03-01,200,48,185.0,11.3892,15.9848,107.0,-1.2151999999999994,-11.190000000000001
2025-03-02,200,53,175.0,12.799200000000004,14.346799999999998,-10.0,1.4100000000000037,-1.6380000000000017
2025-03-03,200,27,116.0,15.211200000000002,18.3868,-59.0,2.4119999999999973,4.040000000000003
2025-03-04,200,57,184.0,36.04,28.926399999999997,68.0,20.828799999999998,10.539599999999997
2025-03-05,200,48,160.0,44.56,24.68,-24.0,8.520000000000003,-4.246399999999998
2025-03-07,200,71,283.0,70.04541666666667,76.71416666666667,123.0,25.485416666666666,52.03416666666667
2025-03-08,200,63,217.0,55.3732,25.180000000000003,-66.0,-14.672216666666671,-51.534166666666664
2025-03-09,200,79,558.0,79.62159999999999,35.087999999999994,341.0,24.24839999999999,9.90799999999999
2025-03-10,200,55,199.0,86.9224,38.4884,-359.0,7.3008000000000095,3.4004000000000048
2025-03-11,200,28,87.0,89.4992,54.9596,-112.0,2.5768000000000058,16.471200000000003
2025-03-12,200,57,146.0,28.634,37.89160000000001,59.0,-60.8652,-17.06799999999999
2025-03-13,200,37,280.0,8.54,31.4388,134.0,-20.094,-6.4528000000000105
2025-03-14,200,56,132.0,10.6796,26.3496,-148.0,2.1396000000000015,-5.089200000000002
2025-03-15,200,63,170.0,11.374000000000002,15.226400000000002,38.0,0.6944000000000017,-11.123199999999997
2025-03-16,200,79,316.0,10.756000000000002,13.731999999999998,146.0,-0.6180000000000003,-1.4944000000000042
2025-03-17,200,44,149.0,4.3624,21.3616,-167.0,-6.393600000000002,7.629600000000002
2025-03-18,200,40,187.0,23.400400000000005,77.32560000000001,38.0,19.038000000000004,55.96400000000001
2025-03-19,200,60,363.0,34.4896,77.11359999999999,176.0,11.089199999999998,-0.2120000000000175
2025-03-20,200,56,167.0,41.54280000000001,73.4532,-196.0,7.053200000000004,-3.6603999999999957
2025-03-21,200,64,262.0,33.842800000000004,38.70439999999999,95.0,-7.700000000000003,-34.7488
2025-03-22,200,86,325.0,30.402,6.247600000000001,63.0,-3.440800000000003,-32.456799999999994
2025-03-23,200,74,633.0,20.0612,10.303999999999998,308.0,-10.340800000000002,4.056399999999997
2025-03-24,200,55,238.0,33.0724,56.2404,-395.0,13.011200000000002,45.936400000000006
2025-03-25,200,38,72.0,32.40679999999999,42.4436,-166.0,-0.665600000000012,-13.796799999999998
2025-03-26,200,42,137.0,14.24,13.71,65.0,-18.166799999999988,-28.733600000000003
2025-03-27,200,19,48.0,17.637500000000003,47.38208333333333,-89.0,3.3975000000000026,33.672083333333326
2025-03-28,200,53,86.0,25.201999999999995,45.30239999999999,38.0,7.564499999999992,-2.0796833333333353
2025-03-29,200,80,295.0,20.913200000000003,15.812,209.0,-4.288799999999991,-29.490399999999994
2025-03-30,200,84,253.0,3.47,9.42,-42.0,-17.443200000000004,-6.3919999999999995
2025-04-04,200,54,133.0,20.79458333333333,15.635416666666666,-120.0,17.32458333333333,6.215416666666666
2025-04-05,200,96,264.0,3.47,9.42,131.0,-17.32458333333333,-6.215416666666666
2025-04-06,200,55,118.0,1.2820833333333332,3.750833333333334,-146.0,-2.187916666666667,-5.669166666666666
2025-04-07,200,50,95.0,3.789200000000001,7.484000000000001,-23.0,2.5071166666666675,3.733166666666667
2025-04-08,200,44,119.0,7.286399999999999,10.8832,24.0,3.4971999999999976,3.3991999999999996
2025-04-09,200,49,105.0,10.736399999999998,9.7552,-14.0,3.4499999999999993,-1.1280000000000001
2025-04-10,200,46,120.0,4.365199999999999,4.4252,15.0,-6.371199999999999,-5.33
2025-04-11,200,42,131.0,7.3744,3.979199999999999,11.0,3.0092000000000008,-0.44600000000000106
2025-04-12,200,59,140.0,9.9872,4.457599999999999,9.0,2.6128,0.47840000000000016
2025-04-13,200,85,207.0,5.2964,4.198799999999999,67.0,-4.690799999999999,-0.2587999999999999
2025-04-14,200,56,150.0,1.9572,5.786399999999999,-57.0,-3.3392,1.5875999999999992
2025-04-15,200,38,62.0,3.9691999999999994,4.5656,-88.0,2.0119999999999996,-1.2207999999999988
2025-04-16,200,74,144.0,5.8564000000000025,4.4152,82.0,1.887200000000003,-0.1504000000000003
2025-04-17,200,74,148.0,8.5136,5.333200000000001,4.0,2.657199999999998,0.918000000000001
2025-04-18,200,43,60.0,5.2304,6.0084,-88.0,-3.2832,0.6751999999999994
2025-04-19,200,33,145.0,3.99,4.65,85.0,-1.2404000000000002,-1.3583999999999996
2025-04-20,200,86,233.0,10.590416666666664,6.282916666666665,88.0,6.600416666666664,1.6329166666666648
2025-04-21,200,65,189.0,6.853200000000002,7.46,-44.0,-3.7372166666666624,1.1770833333333348
2025-04-22,200,76,202.0,4.056399999999999,7.412000000000002,13.0,-2.796800000000003,-0.047999999999998266
2025-04-23,200,103,269.0,5.339200000000001,7.160399999999999,67.0,1.2828000000000017,-0.2516000000000025
2025-04-24,200,76,208.0,5.599200000000001,4.566,-61.0,0.2599999999999998,-2.5943999999999994
2025-04-25,200,76,249.0,3.7796,4.645199999999999,41.0,-1.8196000000000008,0.07919999999999927
2025-04-26,200,90,299.0,3.6488,2.8531999999999997,50.0,-0.1307999999999998,-1.7919999999999994
2025-04-27,200,80,138.0,8.1976,3.5696000000000003,-161.0,4.5488,0.7164000000000006
2025-04-28,200,82,228.0,15.7232,7.543600000000001,90.0,7.525600000000001,3.974000000000001
2025-04-29,200,57,130.0,19.3076,8.033600000000002,-98.0,3.5844000000000005,0.4900000000000002
2025-04-30,200,51,103.0,8.2824,6.9736,-27.0,-11.0252,-1.0600000000000014
2025-05-01,200,83,253.0,6.372800000000002,6.093999999999999,150.0,-1.9095999999999993,-0.8796000000000008
2025-05-02,200,69,156.0,9.0284,5.768000000000001,-97.0,2.655599999999998,-0.32599999999999874
2025-05-03,200,127,205.0,9.5944,5.124,49.0,0.5660000000000007,-0.644000000000001
2025-05-04,200,98,370.0,1.8928000000000005,2.3812,165.0,-7.7016,-2.7427999999999995
2025-05-05,200,53,135.0,1.2447999999999997,3.1784000000000003,-235.0,-0.6480000000000008,0.7972000000000001
2025-05-06,200,67,251.0,3.248800000000001,5.0184,116.0,2.0040000000000013,1.8399999999999994
2025-05-07,200,61,158.0,2.4536,3.9884,-93.0,-0.7952000000000012,-1.0299999999999998
2025-05-08,200,103,390.0,2.0804,3.9463999999999992,232.0,-0.37319999999999975,-0.0420000000000007
2025-05-09,200,75,140.0,3.8276,7.377600000000002,-250.0,1.7471999999999999,3.4312000000000027
2025-05-10,200,99,220.0,4.531999999999999,3.6136,80.0,0.7043999999999992,-3.764000000000002
2025-05-11,200,71,174.0,1.8456,2.746800000000001,-46.0,-2.686399999999999,-0.8667999999999991
2025-05-12,200,32,81.0,3.2396000000000003,3.1120000000000005,-93.0,1.3940000000000003,0.36519999999999975
2025-05-13,200,49,106.0,5.357200000000001,5.561600000000001,25.0,2.1176000000000004,2.4496000000000007
2025-05-14,200,30,109.0,6.837599999999998,4.506799999999999,3.0,1.4803999999999977,-1.054800000000002
2025-05-15,200,66,167.0,1.2672,1.712,58.0,-5.5703999999999985,-2.7947999999999995
2025-05-16,200,51,206.0,1.1247999999999998,2.9376,39.0,-0.1424000000000003,1.2256000000000002
2025-05-17,200,69,170.0,1.3439999999999994,2.468,-36.0,0.21919999999999962,-0.46960000000000024
2025-05-18,200,82,272.0,0.7563999999999999,1.7464,102.0,-0.5875999999999996,-0.7216
2025-05-19,200,52,141.0,1.0592,2.903599999999999,-131.0,0.30280000000000007,1.1571999999999991
2025-05-20,200,92,321.0,3.481199999999999,5.8524,180.0,2.421999999999999,2.948800000000001
2025-05-21,200,52,166.0,4.1604,4.154,-155.0,0.6792000000000011,-1.6984000000000004
2025-05-22,200,37,114.0,1.8652,2.3171999999999997,-52.0,-2.2952000000000004,-1.8368000000000002
2025-05-23,200,57,218.0,0.8563999999999997,2.654,104.0,-1.0088000000000004,0.3368000000000002
2025-05-24,200,101,189.0,2.3923999999999994,3.3696,-29.0,1.5359999999999996,0.7156000000000002
2025-05-25,200,71,179.0,2.158799999999999,2.6743999999999994,-10.0,-0.23360000000000047,-0.6952000000000007
2025-05-26,200,80,303.0,1.768,3.0268,124.0,-0.3907999999999989,0.3524000000000007
2025-05-27,200,62,153.0,2.3548,3.483200000000001,-150.0,0.5868,0.4564000000000008
2025-05-28,200,57,236.0,0.6955999999999999,3.6676,83.0,-1.6592000000000002,0.18439999999999923
2025-05-29,200,79,237.0,2.4364,2.7064,1.0,1.7408000000000001,-0.9612000000000003
2025-05-30,200,52,184.0,2.8276,3.5328000000000004,-53.0,0.3912,0.8264000000000005
2025-05-31,200,79,166.0,3.1624,3.729199999999999,-18.0,0.3348,0.1963999999999988
2025-06-01,200,75,239.0,1.7904,2.8748,73.0,-1.3719999999999999,-0.8543999999999992
2025-06-02,200,55,139.0,2.0184,3.791200000000001,-100.0,0.2280000000000002,0.9164000000000008
2025-06-03,200,43,139.0,3.0752,3.5367999999999995,0.0,1.0568,-0.2544000000000013
2025-06-04,200,21,65.0,1.0348000000000004,3.1372000000000004,-74.0,-2.0404,-0.39959999999999907
2025-06-05,200,49,206.0,1.1428000000000005,2.8624,141.0,0.1080000000000001,-0.2748000000000004
2025-06-06,200,44,102.0,0.5828,2.2392,-104.0,-0.5600000000000005,-0.6232000000000002
2025-06-07,200,46,114.0,0.5723999999999999,1.9712,12.0,-0.010400000000000076,-0.2679999999999998
2025-06-08,200,49,117.0,0.5988000000000001,1.5075999999999998,3.0,0.0264000000000002,-0.46360000000000023
2025-06-09,200,91,228.0,1.1704,2.8572,111.0,0.5716,1.3496000000000004
2025-06-10,200,28,130.0,3.3211999999999997,3.434400000000001,-98.0,2.1507999999999994,0.5772000000000008
2025-06-11,200,58,156.0,1.8696,2.9232,26.0,-1.4515999999999998,-0.511200000000001
2025-06-12,200,63,307.0,3.6732,3.306000000000001,151.0,1.8036,0.3828000000000009
2025-06-13,200,55,154.0,4.4704,2.724,-153.0,0.7971999999999997,-0.5820000000000007
2025-06-14,200,79,226.0,7.591600000000002,2.7204,72.0,3.1212000000000026,-0.0036000000000000476
2025-06-15,200,83,236.0,8.1872,2.67,10.0,0.5955999999999984,-0.05040000000000022
2025-06-16,200,73,127.0,2.1596,2.4584,-109.0,-6.0276000000000005,-0.2115999999999998
2025-06-17,200,52,293.0,3.1779999999999995,3.6124,166.0,1.0183999999999993,1.154
2025-06-18,200,23,73.0,5.469200000000001,3.5284000000000004,-220.0,2.2912000000000012,-0.08399999999999963
2025-06-19,200,31,126.0,2.9416,2.293200000000001,53.0,-2.5276000000000005,-1.2351999999999994
2025-06-20,200,44,139.0,2.3236000000000003,3.13,13.0,-0.6179999999999999,0.8367999999999989
2025-06-21,200,83,301.0,3.96,3.8316,162.0,1.6363999999999996,0.7016
2025-06-22,200,66,270.0,5.1756,3.2655999999999987,-31.0,1.2156000000000002,-0.5660000000000012
2025-06-23,200,65,252.0,2.6148,2.1008,-18.0,-2.5608000000000004,-1.1647999999999987
2025-06-24,200,56,588.0,2.766800000000001,2.17,336.0,0.15200000000000102,0.06919999999999993
2025-06-25,200,71,180.0,2.8908000000000005,2.7112,-408.0,0.12399999999999967,0.5411999999999999
2025-06-26,200,44,97.0,2.8992,2.9132000000000007,-83.0,0.008399999999999519,0.20200000000000085
2025-06-27,200,34,95.0,1.898,3.514,-2.0,-1.0012,0.6007999999999991
2025-06-28,200,58,191.0,3.8076,2.5552,96.0,1.9096,-0.9587999999999997
2025-06-29,200,67,205.0,2.6448,1.746,14.0,-1.1627999999999998,-0.8092000000000001
2025-06-30,200,56,133.0,2.4684000000000004,2.640000000000001,-72.0,-0.17639999999999967,0.894000000000001
2025-07-01,200,35,111.0,3.837600000000001,3.901199999999999,-22.0,1.3692000000000006,1.2611999999999979
2025-07-02,200,56,203.0,11.588400000000002,4.7572,92.0,7.750800000000001,0.8560000000000012
2025-07-03,200,52,198.0,3.6256,2.9384,-5.0,-7.962800000000001,-1.8188
2025-07-04,200,27,50.0,1.6979999999999995,3.9556,-148.0,-1.9276000000000004,1.0171999999999999
2025-07-05,200,59,238.0,4.3752,3.6148,188.0,2.677200000000001,-0.3408000000000002
2025-07-06,200,48,122.0,3.7803999999999984,2.8471999999999995,-116.0,-0.594800000000002,-0.7676000000000003
2025-07-07,200,46,275.0,1.1484,2.7924,153.0,-2.6319999999999983,-0.054799999999999294
2025-07-08,200,28,205.0,0.7791999999999999,2.3791999999999995,-70.0,-0.3692000000000002,-0.4132000000000007
2025-07-09,200,58,108.0,1.2484000000000004,2.3124,-97.0,0.4692000000000005,-0.06679999999999975
2025-07-10,200,44,122.0,2.0472,3.0648,14.0,0.7987999999999997,0.7524000000000002
2025-07-11,200,46,278.0,1.5592,3.2083999999999997,156.0,-0.4880000000000002,0.14359999999999973
2025-07-12,200,23,68.0,2.0040000000000004,2.6432,-210.0,0.44480000000000053,-0.5651999999999995
2025-07-13,200,77,1414.0,1.3628,3.0396,1346.0,-0.6412000000000004,0.39639999999999986
2025-07-14,200,56,135.0,2.9323999999999995,3.2228,-1279.0,1.5695999999999994,0.1831999999999998
2025-07-15,200,30,81.0,4.1956,3.7096,-54.0,1.2632000000000003,0.4868000000000001
2025-07-16,200,36,85.0,2.258,3.7136,4.0,-1.9375999999999998,0.0040000000000000036
2025-07-17,200,45,2166.0,1.6376,3.6336,2081.0,-0.6204000000000001,-0.08000000000000007
2025-07-18,200,76,904.0,2.41,3.466400000000001,-1262.0,0.7724000000000002,-0.1671999999999989
2025-07-19,200,52,861.0,3.9064,3.585200000000001,-43.0,1.4964,0.1187999999999998
2025-07-20,200,46,280.0,4.5124,3.6244,-581.0,0.6060000000000003,0.039199999999999235
2025-07-21,200,35,713.0,2.5776,4.626,433.0,-1.9348000000000005,1.0016000000000003
2025-07-22,200,24,96.0,1.0108,2.7016,-617.0,-1.5668,-1.9244000000000003
2025-07-23,200,17,84.0,1.5012,2.628,-12.0,0.49040000000000017,-0.07359999999999989
2025-07-24,200,68,1888.0,2.2808,5.634,1804.0,0.7796000000000001,3.0060000000000002
2025-07-25,200,49,211.0,2.1832,4.558400000000001,-1677.0,-0.09760000000000035,-1.0755999999999997
2025-07-26,200,65,718.0,1.4899999999999998,2.9832000000000005,507.0,-0.6932,-1.5752000000000002
2025-07-27,200,53,543.0,2.2108,3.6004,-175.0,0.7208000000000001,0.6171999999999995
2025-07-28,200,53,511.0,1.4632000000000005,2.8448,-32.0,-0.7475999999999994,-0.7555999999999998
2025-07-29,200,46,449.0,0.9428,2.514,-62.0,-0.5204000000000005,-0.3308000000000004
2025-07-30,200,22,218.0,1.8124,4.218,-231.0,0.8696,1.7040000000000002
2025-07-31,200,25,55.0,1.9384,4.2392,-163.0,0.1259999999999999,0.02120000000000033
2025-08-01,200,50,121.0,1.53,4.2828,66.0,-0.4083999999999999,0.04359999999999964
2025-08-02,200,68,937.0,0.8656,3.7508,816.0,-0.6644,-0.532
2025-08-03,200,52,663.0,1.0044000000000002,2.4007999999999994,-274.0,0.13880000000000015,-1.3500000000000005
2025-08-04,200,36,103.0,1.612,3.1431999999999998,-560.0,0.6075999999999999,0.7424000000000004
2025-08-05,200,30,208.0,2.6623999999999994,4.4152,105.0,1.0503999999999993,1.2719999999999998
2025-08-06,200,45,638.0,2.2252000000000005,4.9772,430.0,-0.4371999999999989,0.5620000000000003
2025-08-07,200,37,132.0,4.258799999999999,6.428399999999999,-506.0,2.0335999999999985,1.4511999999999992
2025-08-08,200,46,406.0,5.0352,5.398,274.0,0.7764000000000006,-1.0303999999999993
2025-08-09,200,53,256.0,7.809199999999999,4.575599999999999,-150.0,2.773999999999999,-0.8224000000000009
2025-08-10,200,46,166.0,4.816,2.8856,-90.0,-2.993199999999999,-1.6899999999999986
2025-08-11,200,61,896.0,3.9244,5.8264,730.0,-0.8916,2.9407999999999994
2025-08-12,200,17,25.0,6.5396,4.8852,-871.0,2.6152,-0.9411999999999994
2025-08-13,200,40,663.0,10.5624,6.1252,638.0,4.0228,1.2400000000000002
2025-08-14,200,47,733.0,14.5788,7.156000000000001,70.0,4.016399999999999,1.0308000000000002
2025-08-15,200,52,173.0,15.8056,4.989199999999999,-560.0,1.2268000000000008,-2.166800000000001
2025-08-16,200,67,808.0,4.0572,2.084,635.0,-11.7484,-2.9051999999999993
2025-08-17,200,70,224.0,2.11,2.7848,-584.0,-1.9472,0.7008000000000001
2025-08-18,200,53,113.0,2.4228,5.292000000000001,-111.0,0.3128000000000002,2.5072000000000005
2025-08-19,200,51,141.0,4.4092,6.414799999999999,28.0,1.9864000000000002,1.122799999999998
2025-08-20,200,47,101.0,6.277200000000001,4.748000000000001,-40.0,1.8680000000000003,-1.6667999999999976
2025-08-21,200,58,349.0,1.7887999999999995,3.3076000000000003,248.0,-4.488400000000001,-1.4404000000000008
2025-08-22,200,62,503.0,1.1932000000000005,2.4728000000000003,154.0,-0.595599999999999,-0.8348
2025-08-23,200,33,222.0,0.6284,2.1848,-281.0,-0.5648000000000005,-0.28800000000000026
2025-08-24,200,44,285.0,0.928,3.93,63.0,0.2996000000000001,1.7452
2025-08-25,200,61,152.0,1.9144,5.128800000000001,-133.0,0.9864,1.1988000000000008
2025-08-26,200,51,487.0,3.214,6.8304,335.0,1.2995999999999999,1.7015999999999991
2025-08-27,200,48,191.0,4.472000000000001,5.616799999999999,-296.0,1.2580000000000013,-1.2136000000000013
2025-08-28,200,49,227.0,2.75,7.300799999999999,36.0,-1.7220000000000013,1.6840000000000002
2025-08-29,200,50,158.0,3.6168,8.0208,-69.0,0.8668,0.7200000000000006
2025-08-30,200,66,240.0,1.7523999999999995,4.619999999999999,82.0,-1.8644000000000005,-3.4008000000000003
2025-08-31,200,68,437.0,1.9912,3.4563999999999995,197.0,0.23880000000000057,-1.1635999999999997
2025-09-01,200,29,80.0,4.3744,5.9928,-357.0,2.3831999999999995,2.5364000000000004
2025-09-02,200,26,190.0,3.4408,8.170399999999999,110.0,-0.9335999999999998,2.177599999999999
2025-09-03,200,58,442.0,1.6824000000000003,4.9988,252.0,-1.7583999999999995,-3.171599999999999
2025-09-04,200,64,584.0,2.4028,8.4992,142.0,0.7203999999999997,3.5004
2025-09-05,200,52,200.0,2.2372,6.8816,-384.0,-0.16559999999999997,-1.6176000000000004
2025-09-06,200,44,305.0,2.924,6.774400000000001,105.0,0.6867999999999999,-0.10719999999999885
2025-09-07,200,72,219.0,3.682,5.991199999999999,-86.0,0.758,-0.7832000000000017
2025-09-08,200,71,247.0,4.1148,6.8476,28.0,0.43279999999999985,0.8564000000000007
2025-09-09,200,49,854.0,7.1248000000000005,9.5284,607.0,3.0100000000000007,2.6807999999999996
2025-09-10,200,43,1100.0,8.608400000000001,10.7612,246.0,1.483600000000001,1.232800000000001
2025-09-11,200,31,105.0,3.0844,4.614400000000001,-995.0,-5.524000000000001,-6.1468
2025-09-12,200,45,187.0,1.0927999999999998,4.6596,82.0,-1.9916000000000003,0.04519999999999946
2025-09-13,200,50,266.0,1.3599999999999997,6.1744,79.0,0.2671999999999999,1.5148000000000001
2025-09-14,200,74,1208.0,1.2171999999999996,5.418000000000001,942.0,-0.14280000000000004,-0.7563999999999993
2025-09-15,200,44,302.0,0.986,3.3096,-906.0,-0.23119999999999963,-2.108400000000001
2025-09-16,200,45,306.0,0.9443999999999996,2.6703999999999994,4.0,-0.041600000000000414,-0.6392000000000007
2025-09-17,200,47,824.0,1.0124,5.0252,518.0,0.0680000000000004,2.3548000000000004
2025-09-18,200,27,424.0,3.1884,4.919599999999999,-400.0,2.176,-0.1056000000000008
2025-09-19,200,51,794.0,7.855599999999997,7.123199999999998,370.0,4.667199999999998,2.203599999999999
2025-09-20,200,50,307.0,8.478400000000002,4.9088,-487.0,0.6228000000000051,-2.2143999999999977
2025-09-21,200,71,726.0,6.7304,4.881199999999999,419.0,-1.748000000000002,-0.0276000000000014
2025-09-22,200,67,695.0,1.1148,4.529999999999999,-31.0,-5.615600000000001,-0.3511999999999995
2025-09-23,200,52,372.0,1.7060000000000004,5.3504,-323.0,0.5912000000000004,0.8204000000000002
2025-09-24,200,66,919.0,1.4167999999999998,3.3616,547.0,-0.28920000000000057,-1.9887999999999995
2025-09-25,200,38,640.0,1.5244,4.2224,-279.0,0.10760000000000014,0.8608000000000002
2025-09-26,200,50,433.0,2.8812,6.3364,-207.0,1.3568000000000002,2.114
2025-09-27,200,69,322.0,4.990799999999998,5.9376,-111.0,2.109599999999998,-0.3988000000000005
2025-09-28,200,72,241.0,8.0956,6.169199999999998,-81.0,3.104800000000001,0.23159999999999847
2025-09-29,200,54,188.0,4.202800000000001,5.8176,-53.0,-3.8927999999999985,-0.3515999999999986
2025-09-30,200,52,804.0,3.0264000000000006,7.811200000000001,616.0,-1.1764000000000001,1.9936000000000016
2025-10-01,200,64,545.0,3.0156,11.694,-259.0,-0.010800000000000587,3.8827999999999996
2025-10-02,200,82,628.0,5.8576000000000015,16.9628,83.0,2.8420000000000014,5.268800000000001
2025-10-03,200,77,443.0,9.8964,15.5032,-185.0,4.038799999999998,-1.4596000000000018
2025-10-04,200,35,397.0,4.290800000000001,5.550800000000001,-46.0,-5.605599999999999,-9.952399999999999
2025-10-05,200,64,272.0,0.5548,3.4172,-125.0,-3.7360000000000007,-2.133600000000001
2025-10-06,200,32,122.0,1.5927999999999998,5.6016,-150.0,1.0379999999999998,2.1844000000000006
2025-10-07,200,71,678.0,4.2376,10.993200000000002,556.0,2.6448,5.391600000000001
2025-10-08,200,49,471.0,12.0456,16.621199999999998,-207.0,7.808000000000001,5.627999999999997
2025-10-09,200,74,649.0,5.03,8.3932,178.0,-7.0156,-8.227999999999998
2025-10-10,200,76,1345.0,3.0868,5.414,696.0,-1.9432,-2.9792000000000005
2025-10-11,200,91,547.0,2.040399999999999,5.586799999999998,-798.0,-1.046400000000001,0.17279999999999873
2025-10-12,200,74,581.0,2.3196,6.287999999999999,34.0,0.2792000000000008,0.7012000000000009
2025-10-13,200,85,643.0,3.8476,11.5124,62.0,1.528,5.2244
2025-10-14,200,41,409.0,6.8420000000000005,15.0172,-234.0,2.9944000000000006,3.5048000000000012
2025-10-15,200,89,338.0,4.8752,14.6428,-71.0,-1.9668,-0.3744000000000014
2025-10-16,200,30,460.0,5.0736,11.062399999999998,122.0,0.19839999999999947,-3.580400000000001
2025-10-17,200,52,1033.0,2.5003999999999995,6.595599999999998,573.0,-2.5732000000000004,-4.4668
2025-10-18,200,80,416.0,3.2272000000000003,11.172800000000002,-617.0,0.7268000000000008,4.577200000000004
2025-10-19,200,64,478.0,8.4296,15.1308,62.0,5.202400000000001,3.9579999999999984
2025-10-20,200,60,1443.0,10.5204,13.3684,965.0,2.0907999999999998,-1.7624000000000013
2025-10-21,200,44,237.0,5.046000000000001,7.041199999999999,-1206.0,-5.474399999999999,-6.3272
2025-10-22,200,66,531.0,1.7096,11.024,294.0,-3.336400000000001,3.9828
2025-10-23,200,36,152.0,1.1344000000000003,6.719999999999999,-379.0,-0.5751999999999997,-4.304
2025-10-24,200,46,196.0,0.518,4.791600000000001,44.0,-0.6164000000000003,-1.9283999999999981
2025-10-25,200,76,821.0,0.5632,4.5264,625.0,0.04520000000000002,-0.265200000000001
2025-10-26,200,55,243.0,0.7847999999999999,5.512800000000001,-578.0,0.2215999999999999,0.9864000000000015
2025-10-27,200,46,725.0,0.574,5.0516000000000005,482.0,-0.2108,-0.4612000000000007
2025-10-28,200,46,543.0,0.8360000000000001,6.15,-182.0,0.2620000000000001,1.0983999999999998
2025-10-29,200,82,1915.0,1.8388,8.0732,1372.0,1.0028,1.9231999999999996
2025-10-30,200,34,243.0,1.6324,7.284800000000001,-1672.0,-0.20639999999999992,-0.7883999999999993
2025-10-31,200,74,493.0,8.0548,19.1556,250.0,6.4224,11.8708
2025-11-01,200,88,477.0,7.531199999999997,11.0804,-16.0,-0.5236000000000036,-8.0752
2025-11-02,200,87,492.0,2.5568,9.031600000000005,15.0,-4.974399999999997,-2.0487999999999946
2025-11-03,200,76,1949.0,1.2963999999999998,7.925599999999999,1457.0,-1.2604000000000002,-1.1060000000000052
2025-11-04,200,76,3154.0,2.8312,11.804399999999998,1205.0,1.5348000000000002,3.8787999999999982
2025-11-05,200,50,157.0,8.851600000000001,21.6076,-2997.0,6.020400000000001,9.803200000000004
2025-11-06,200,68,525.0,19.900800000000004,23.532000000000004,368.0,11.049200000000003,1.924400000000002
2025-11-07,200,78,603.0,25.6668,25.705199999999994,78.0,5.765999999999995,2.1731999999999907
2025-11-08,200,77,972.0,33.052800000000005,29.628400000000003,369.0,7.386000000000006,3.9232000000000085
2025-11-09,200,68,393.0,31.8904,23.1004,-579.0,-1.1624000000000052,-6.528000000000002
2025-11-10,200,29,113.0,15.002799999999995,25.8384,-280.0,-16.887600000000006,2.7379999999999995
2025-11-11,200,57,2192.0,4.335999999999999,15.474399999999996,2079.0,-10.666799999999995,-10.364000000000004
2025-11-12,200,52,203.0,5.3288,12.8564,-1989.0,0.9928000000000008,-2.617999999999995
2025-11-13,200,61,384.0,6.952000000000001,9.7764,181.0,1.6232000000000006,-3.08
2025-11-14,200,59,507.0,9.5292,17.612800000000004,123.0,2.5771999999999986,7.836400000000003
2025-11-15,200,35,228.0,13.933600000000004,19.4944,-279.0,4.404400000000004,1.8815999999999953
2025-11-16,200,79,540.0,10.846000000000002,14.9516,312.0,-3.087600000000002,-4.5428
2025-11-17,200,43,510.0,3.355999999999999,8.7,-30.0,-7.490000000000003,-6.2516
2025-11-18,200,62,2876.0,5.639200000000001,9.631600000000002,2366.0,2.2832000000000017,0.9316000000000031
2025-11-19,200,52,566.0,8.447199999999999,10.2552,-2310.0,2.807999999999998,0.6235999999999979
2025-11-20,200,23,146.0,4.484400000000001,11.307999999999998,-420.0,-3.962799999999998,1.0527999999999977
2025-11-21,200,61,415.0,10.9108,24.616,269.0,6.426399999999999,13.308000000000002
2025-11-22,200,64,441.0,13.183599999999997,26.6204,26.0,2.2727999999999966,2.0044000000000004
2025-11-23,200,71,765.0,9.846,17.882,324.0,-3.3375999999999966,-8.738399999999999
2025-11-24,200,64,284.0,5.597199999999999,14.6576,-481.0,-4.248800000000001,-3.224400000000001
2025-11-25,200,44,227.0,18.8644,32.8496,-57.0,13.2672,18.192
2025-11-26,200,21,102.0,17.456400000000002,17.507599999999996,-125.0,-1.4079999999999977,-15.342000000000006
2025-11-27,200,29,524.0,12.56,13.2592,422.0,-4.896400000000002,-4.248399999999997
2025-11-28,200,51,240.0,9.1876,12.871199999999998,-284.0,-3.3724000000000007,-0.3880000000000017
2025-11-29,200,50,565.0,7.6996,15.688,325.0,-1.4879999999999995,2.8168000000000024
2025-11-30,200,58,335.0,6.193600000000001,13.7728,-230.0,-1.5059999999999993,-1.9152000000000005
2025-12-01,200,54,225.0,9.240800000000002,15.373199999999995,-110.0,3.047200000000001,1.6003999999999952
2025-12-02,200,36,105.0,11.6848,19.5884,-120.0,2.4439999999999973,4.215200000000005
2025-12-03,200,46,391.0,18.6544,29.83120000000001,286.0,6.9696,10.24280000000001
2025-12-04,200,53,185.0,20.595999999999997,28.6296,-206.0,1.9415999999999976,-1.2016000000000098
2025-12-05,200,21,59.0,21.864,31.714,-126.0,1.2680000000000042,3.0843999999999987
2025-12-06,200,64,465.0,12.046399999999998,11.8508,406.0,-9.817600000000002,-19.8632
2025-12-07,200,61,677.0,1.4112,7.438800000000001,212.0,-10.635199999999998,-4.411999999999998
2025-12-08,200,22,173.0,1.162,6.870800000000002,-504.0,-0.2492000000000001,-0.5679999999999996
2025-12-09,200,10,18.0,2.0904,7.973200000000002,-155.0,0.9283999999999999,1.1024000000000003
2025-12-10,200,46,367.0,4.994,10.8308,349.0,2.9036,2.857599999999998
2025-12-11,200,42,433.0,4.0864,12.319599999999998,66.0,-0.9075999999999995,1.4887999999999977
2025-12-12,200,57,369.0,8.076400000000001,21.455200000000005,-64.0,3.990000000000001,9.135600000000007
2025-12-13,200,41,432.0,12.0492,14.255200000000002,63.0,3.9727999999999994,-7.200000000000003
2025-12-14,200,56,382.0,11.955999999999996,11.112800000000002,-50.0,-0.09320000000000483,-3.1424000000000003
2025-12-15,200,32,123.0,11.538799999999998,13.003999999999998,-259.0,-0.4171999999999976,1.891199999999996
2025-12-16,200,38,235.0,20.9172,29.198,112.0,9.378400000000003,16.194000000000003
2025-12-17,200,22,126.0,25.424,20.6184,-109.0,4.506799999999998,-8.5796
2025-12-18,200,30,173.0,15.490399999999998,13.528000000000002,47.0,-9.933600000000002,-7.090399999999999
2025-12-19,200,48,141.0,7.059200000000001,11.3376,-32.0,-8.431199999999997,-2.190400000000002
2025-12-20,200,23,74.0,17.2192,24.2448,-67.0,10.16,12.907200000000001
2025-12-21,200,43,923.0,18.7608,19.918000000000003,849.0,1.541599999999999,-4.326799999999999
2025-12-22,200,14,38.0,12.078399999999998,10.707599999999998,-885.0,-6.682400000000001,-9.210400000000005
2025-12-23,200,19,84.0,12.1832,10.6412,46.0,0.10480000000000089,-0.06639999999999802
2025-12-24,200,37,221.0,3.9004,6.6744,137.0,-8.2828,-3.966799999999999
2025-12-25,200,47,357.0,9.2856,12.966399999999997,136.0,5.385200000000001,6.291999999999996
2025-12-26,200,41,220.0,21.8948,35.421200000000006,-137.0,12.6092,22.45480000000001
2025-12-27,200,13,31.0,19.1868,28.31160000000001,-189.0,-2.7079999999999984,-7.109599999999997
2025-12-28,200,40,150.0,8.0156,12.988,119.0,-11.171200000000002,-15.32360000000001
2025-12-29,200,36,150.0,7.0092,9.240800000000002,0.0,-1.0063999999999993,-3.7471999999999976
2025-12-30,200,55,450.0,3.696800000000001,8.2644,300.0,-3.312399999999999,-0.9764000000000017
2025-12-31,200,28,210.0,4.193999999999999,9.342,-240.0,0.4971999999999981,1.0776000000000003
