,Date,Region,PigeonCount,O3
0,2020-11-25,DE-BE,0,14.208181818181815
1,2020-11-26,DE-BE,1,14.99375
2,2020-11-27,DE-BE,5,2.21
3,2020-11-28,DE-BE,1,32.985416666666666
4,2020-11-29,DE-BE,0,28.344583333333333
5,2020-11-30,DE-BE,2,24.03916666666667
6,2020-12-01,DE-BE,1,20.065
7,2020-12-02,DE-BE,1,3.155416666666667
8,2020-12-03,DE-BE,0,28.596666666666664
9,2020-12-04,DE-BE,0,27.217916666666667
10,2020-12-05,DE-BE,5,28.754583333333333
11,2020-12-06,DE-BE,6,40.912083333333335
12,2020-12-07,DE-BE,1,33.52916666666667
13,2020-12-08,DE-BE,10,11.224583333333332
14,2020-12-09,DE-BE,1,18.40625
15,2020-12-10,DE-BE,0,25.93583333333333
16,2020-12-11,DE-BE,0,21.059166666666663
17,2020-12-12,DE-BE,0,11.196666666666664
18,2020-12-13,DE-BE,0,1.1208333333333331
19,2020-12-14,DE-BE,0,2.017916666666667
20,2020-12-15,DE-BE,0,5.239583333333333
21,2020-12-16,DE-BE,0,5.88
22,2020-12-17,DE-BE,0,12.07625
23,2020-12-18,DE-BE,14,6.7820833333333335
24,2020-12-19,DE-BE,5,17.45958333333333
25,2020-12-20,DE-BE,0,10.2925
26,2020-12-21,DE-BE,1,8.937916666666666
27,2020-12-22,DE-BE,0,34.220416666666665
28,2020-12-23,DE-BE,0,6.73125
29,2020-12-24,DE-BE,0,33.76291666666666
30,2020-12-25,DE-BE,0,45.16625
31,2020-12-26,DE-BE,3,37.95333333333333
32,2020-12-27,DE-BE,0,62.91333333333333
33,2020-12-28,DE-BE,0,22.73625
34,2020-12-29,DE-BE,0,15.458333333333334
35,2020-12-30,DE-BE,0,8.713333333333333
36,2020-12-31,DE-BE,12,4.014166666666667
37,2021-01-01,DE-BE,1,0.5241666666666667
38,2021-01-02,DE-BE,2,0.7833333333333333
39,2021-01-03,DE-BE,0,34.89083333333333
40,2021-01-04,DE-BE,0,22.45625
41,2021-01-05,DE-BE,0,20.817083333333333
42,2021-01-06,DE-BE,1,27.126666666666665
43,2021-01-07,DE-BE,1,14.160000000000002
44,2021-01-08,DE-BE,0,1.32125
45,2021-01-09,DE-BE,2,1.01625
46,2021-01-10,DE-BE,1,14.411666666666669
47,2021-01-11,DE-BE,1,36.64333333333334
48,2021-01-12,DE-BE,0,42.34875
49,2021-01-13,DE-BE,0,59.992916666666666
50,2021-01-14,DE-BE,0,33.528333333333336
51,2021-01-15,DE-BE,0,49.04750000000001
52,2021-01-16,DE-BE,1,55.92416666666667
53,2021-01-17,DE-BE,5,21.000416666666663
54,2021-01-18,DE-BE,50,13.583333333333334
55,2021-01-19,DE-BE,0,38.93625
56,2021-01-20,DE-BE,0,53.59916666666666
57,2021-01-21,DE-BE,1,64.82041666666667
58,2021-01-22,DE-BE,0,44.29749999999999
59,2021-01-23,DE-BE,0,4.164166666666667
60,2021-01-24,DE-BE,2,31.63291666666667
61,2021-01-25,DE-BE,1,30.61125
62,2021-01-26,DE-BE,1,21.152916666666663
63,2021-01-27,DE-BE,0,44.345
64,2021-01-28,DE-BE,0,25.12909090909091
65,2021-01-29,DE-BE,0,27.62291666666667
66,2021-01-30,DE-BE,3,25.54625
67,2021-01-31,DE-BE,1,4.198333333333333
68,2021-02-01,DE-BE,0,29.312083333333334
69,2021-02-02,DE-BE,1,7.210416666666666
70,2021-02-03,DE-BE,5,0.1808333333333333
71,2021-02-04,DE-BE,8,32.471250000000005
72,2021-02-05,DE-BE,1,46.84916666666667
73,2021-02-06,DE-BE,2,61.25958333333333
74,2021-02-07,DE-BE,1,84.10083333333334
75,2021-02-08,DE-BE,0,73.19458333333334
76,2021-02-09,DE-BE,1,24.27333333333333
77,2021-02-10,DE-BE,0,3.85375
78,2021-02-11,DE-BE,1,32.59166666666666
79,2021-02-12,DE-BE,1,33.25416666666667
80,2021-02-13,DE-BE,8,31.232916666666668
81,2021-02-14,DE-BE,1,19.62833333333333
82,2021-02-15,DE-BE,8,23.24875
83,2021-02-16,DE-BE,1,17.678749999999997
84,2021-02-17,DE-BE,0,27.0375
85,2021-02-18,DE-BE,18,15.690416666666666
86,2021-02-19,DE-BE,3,29.89625
87,2021-02-20,DE-BE,2,16.489166666666666
88,2021-02-21,DE-BE,1,20.105
89,2021-02-22,DE-BE,1,9.611666666666666
90,2021-02-23,DE-BE,8,9.686666666666666
91,2021-02-24,DE-BE,1,25.690416666666668
92,2021-02-25,DE-BE,1,24.4475
93,2021-02-26,DE-BE,8,40.650416666666665
94,2021-02-27,DE-BE,14,60.48416666666666
95,2021-02-28,DE-BE,1,40.7925
96,2021-03-01,DE-BE,1,19.50625
97,2021-03-02,DE-BE,5,11.442083333333334
98,2021-03-03,DE-BE,15,20.55666666666667
99,2021-03-04,DE-BE,40,49.3825
100,2021-03-05,DE-BE,3,45.09291666666667
101,2021-03-06,DE-BE,1,51.30583333333333
102,2021-03-07,DE-BE,1,75.75791666666667
103,2021-03-08,DE-BE,1,46.687916666666666
104,2021-03-09,DE-BE,0,29.78875
105,2021-03-10,DE-BE,0,35.86958333333333
106,2021-03-11,DE-BE,0,55.00083333333333
107,2021-03-12,DE-BE,0,53.779583333333335
108,2021-03-13,DE-BE,15,61.81125
109,2021-03-14,DE-BE,2,60.51499999999999
110,2021-03-15,DE-BE,4,47.26583333333334
111,2021-03-16,DE-BE,1,51.98875
112,2021-03-17,DE-BE,1,33.37208333333333
113,2021-03-18,DE-BE,2,20.71
114,2021-03-19,DE-BE,3,51.88625
115,2021-03-20,DE-BE,1,69.17166666666667
116,2021-03-21,DE-BE,0,71.64583333333333
117,2021-03-22,DE-BE,1,44.16833333333333
118,2021-03-23,DE-BE,0,56.71458333333334
119,2021-03-24,DE-BE,1,21.1275
120,2021-03-25,DE-BE,2,14.934583333333334
121,2021-03-26,DE-BE,6,17.517500000000002
122,2021-03-27,DE-BE,20,50.16583333333333
123,2021-03-28,DE-BE,1,62.13478260869565
124,2021-03-29,DE-BE,1,58.711666666666666
125,2021-03-30,DE-BE,20,50.11625
126,2021-03-31,DE-BE,1,27.152083333333334
127,2021-04-01,DE-BE,1,54.51500000000001
128,2021-04-02,DE-BE,1,77.48583333333333
129,2021-04-03,DE-BE,1,65.29791666666667
130,2021-04-04,DE-BE,0,48.97291666666666
131,2021-04-05,DE-BE,0,75.10291666666667
132,2021-04-06,DE-BE,0,73.25375
133,2021-04-07,DE-BE,1,74.20833333333333
134,2021-04-08,DE-BE,2,79.15625
135,2021-04-09,DE-BE,1,67.77791666666667
136,2021-04-10,DE-BE,4,37.60375
137,2021-04-11,DE-BE,1,58.68208333333334
138,2021-04-12,DE-BE,1,63.56916666666667
139,2021-04-13,DE-BE,1,63.49458333333334
140,2021-04-14,DE-BE,0,74.47791666666667
141,2021-04-15,DE-BE,4,78.64833333333333
142,2021-04-16,DE-BE,1,86.1275
143,2021-04-17,DE-BE,1,68.24833333333333
144,2021-04-18,DE-BE,1,38.63916666666667
145,2021-04-19,DE-BE,1,40.07791666666667
146,2021-04-20,DE-BE,0,45.540416666666665
147,2021-04-21,DE-BE,1,55.96833333333333
148,2021-04-22,DE-BE,15,80.58541666666666
149,2021-04-23,DE-BE,1,75.02624999999999
150,2021-04-24,DE-BE,1,63.97
151,2021-04-25,DE-BE,3,43.02583333333333
152,2021-04-26,DE-BE,2,48.63458333333333
153,2021-04-27,DE-BE,2,60.03666666666667
154,2021-04-28,DE-BE,1,71.85458333333334
155,2021-04-29,DE-BE,1,59.723333333333336
156,2021-04-30,DE-BE,0,72.83749999999999
157,2021-05-01,DE-BE,1,58.41375
158,2021-05-02,DE-BE,1,44.33125
159,2021-05-03,DE-BE,1,83.74499999999999
160,2021-05-04,DE-BE,1,79.4225
161,2021-05-05,DE-BE,1,79.84041666666667
162,2021-05-06,DE-BE,1,63.85416666666666
163,2021-05-07,DE-BE,1,43.655
164,2021-05-08,DE-BE,2,60.248333333333335
165,2021-05-09,DE-BE,0,83.29875
166,2021-05-10,DE-BE,1,96.97833333333334
167,2021-05-11,DE-BE,6,72.39166666666667
168,2021-05-12,DE-BE,1,62.91166666666666
169,2021-05-13,DE-BE,1,50.79833333333334
170,2021-05-14,DE-BE,2,56.520833333333336
171,2021-05-15,DE-BE,1,52.86291666666667
172,2021-05-16,DE-BE,1,44.65875
173,2021-05-17,DE-BE,0,35.800000000000004
174,2021-05-18,DE-BE,0,29.16125
175,2021-05-19,DE-BE,1,39.1975
176,2021-05-20,DE-BE,0,46.59625
177,2021-05-21,DE-BE,2,59.70125
178,2021-05-22,DE-BE,0,64.10583333333334
179,2021-05-23,DE-BE,1,56.40875
180,2021-05-24,DE-BE,1,50.27791666666667
181,2021-05-25,DE-BE,1,52.08041666666667
182,2021-05-26,DE-BE,0,57.84708333333333
183,2021-05-27,DE-BE,1,56.490833333333335
184,2021-05-28,DE-BE,0,42.63791666666667
185,2021-05-29,DE-BE,5,52.76125
186,2021-05-30,DE-BE,6,78.85791666666667
187,2021-05-31,DE-BE,1,58.87083333333334
188,2021-06-01,DE-BE,0,54.19166666666666
189,2021-06-02,DE-BE,0,72.44791666666667
190,2021-06-03,DE-BE,0,88.89999999999999
191,2021-06-04,DE-BE,2,90.06291666666668
192,2021-06-05,DE-BE,1,75.08791666666666
193,2021-06-06,DE-BE,3,76.26458333333333
194,2021-06-07,DE-BE,4,84.07333333333334
195,2021-06-08,DE-BE,2,73.76125
196,2021-06-09,DE-BE,1,55.80083333333334
197,2021-06-10,DE-BE,0,60.52041666666667
198,2021-06-11,DE-BE,3,59.87083333333334
199,2021-06-12,DE-BE,10,44.38041666666667
200,2021-06-13,DE-BE,0,63.07708333333333
201,2021-06-14,DE-BE,0,49.247083333333336
202,2021-06-15,DE-BE,0,56.31916666666667
203,2021-06-16,DE-BE,3,80.46625
204,2021-06-17,DE-BE,0,101.29791666666668
205,2021-06-18,DE-BE,0,96.20083333333334
206,2021-06-19,DE-BE,0,94.93541666666664
207,2021-06-20,DE-BE,10,71.85375
208,2021-06-21,DE-BE,4,80.88375
209,2021-06-22,DE-BE,0,60.56
210,2021-06-23,DE-BE,4,54.13875
211,2021-06-24,DE-BE,0,47.986250000000005
212,2021-06-25,DE-BE,0,50.42958333333333
213,2021-06-26,DE-BE,0,58.3025
214,2021-06-27,DE-BE,6,40.78208333333333
215,2021-06-28,DE-BE,1,57.19833333333333
216,2021-06-29,DE-BE,0,65.76
217,2021-06-30,DE-BE,0,47.10416666666666
218,2021-07-01,DE-BE,1,46.62583333333333
219,2021-07-02,DE-BE,1,47.37125
220,2021-07-03,DE-BE,0,56.25125
221,2021-07-04,DE-BE,0,67.23958333333333
222,2021-07-05,DE-BE,14,42.7075
223,2021-07-06,DE-BE,1,57.7175
224,2021-07-07,DE-BE,0,48.10208333333333
225,2021-07-08,DE-BE,9,52.34
226,2021-07-09,DE-BE,0,50.798750000000005
227,2021-07-10,DE-BE,2,59.46416666666667
228,2021-07-11,DE-BE,1,54.775416666666665
229,2021-07-12,DE-BE,0,51.47
230,2021-07-13,DE-BE,0,58.245000000000005
231,2021-07-14,DE-BE,0,56.69875
232,2021-07-15,DE-BE,4,62.63166666666667
233,2021-07-16,DE-BE,4,56.64875
234,2021-07-17,DE-BE,16,67.23458333333333
235,2021-07-18,DE-BE,1,56.01416666666666
236,2021-07-19,DE-BE,1,47.849583333333335
237,2021-07-20,DE-BE,0,37.87
238,2021-07-21,DE-BE,0,47.08083333333334
239,2021-07-22,DE-BE,20,38.86291666666666
240,2021-07-23,DE-BE,2,38.086666666666666
241,2021-07-24,DE-BE,0,67.83708333333333
242,2021-07-25,DE-BE,10,69.74875
243,2021-07-26,DE-BE,1,60.55375
244,2021-07-27,DE-BE,0,51.73
245,2021-07-28,DE-BE,1,48.31666666666666
246,2021-07-29,DE-BE,1,69.17125
247,2021-07-30,DE-BE,0,56.05458333333333
248,2021-07-31,DE-BE,1,62.29208333333333
249,2021-08-01,DE-BE,2,61.06541666666666
250,2021-08-02,DE-BE,0,54.25708333333333
251,2021-08-03,DE-BE,1,37.045
252,2021-08-04,DE-BE,1,44.27875
253,2021-08-05,DE-BE,0,42.44416666666667
254,2021-08-06,DE-BE,0,42.64666666666667
255,2021-08-07,DE-BE,0,30.473333333333333
256,2021-08-08,DE-BE,0,45.81125
257,2021-08-09,DE-BE,0,37.97416666666667
258,2021-08-10,DE-BE,24,30.950833333333332
259,2021-08-11,DE-BE,25,40.17041666666667
260,2021-08-12,DE-BE,1,36.67958333333333
261,2021-08-13,DE-BE,1,57.44458333333333
262,2021-08-14,DE-BE,20,53.9825
263,2021-08-15,DE-BE,1,39.9475
264,2021-08-16,DE-BE,1,51.81125
265,2021-08-17,DE-BE,1,57.876666666666665
266,2021-08-18,DE-BE,1,53.77916666666667
267,2021-08-19,DE-BE,0,51.31958333333333
268,2021-08-20,DE-BE,0,19.58791666666667
269,2021-08-21,DE-BE,75,24.68
270,2021-08-22,DE-BE,2,48.02666666666667
271,2021-08-23,DE-BE,100,59.2175
272,2021-08-24,DE-BE,6,69.94708333333334
273,2021-08-25,DE-BE,1,43.55875
274,2021-08-26,DE-BE,0,44.89791666666667
275,2021-08-27,DE-BE,60,27.63833333333333
276,2021-08-28,DE-BE,1,35.28666666666667
277,2021-08-29,DE-BE,6,19.57625
278,2021-08-30,DE-BE,30,33.82666666666667
279,2021-08-31,DE-BE,0,56.65625
280,2021-09-01,DE-BE,0,39.59625
281,2021-09-02,DE-BE,1,36.46708333333333
282,2021-09-03,DE-BE,0,36.995
283,2021-09-04,DE-BE,50,21.84625
284,2021-09-05,DE-BE,1,49.48791666666667
285,2021-09-06,DE-BE,0,43.931666666666665
286,2021-09-07,DE-BE,0,34.00958333333333
287,2021-09-08,DE-BE,1,46.21625
288,2021-09-09,DE-BE,1,62.720416666666665
289,2021-09-10,DE-BE,0,43.89375
290,2021-09-11,DE-BE,0,32.72833333333333
291,2021-09-12,DE-BE,4,36.665416666666665
292,2021-09-13,DE-BE,0,27.57708333333333
293,2021-09-14,DE-BE,30,40.748333333333335
294,2021-09-15,DE-BE,1,42.60208333333333
295,2021-09-16,DE-BE,8,50.2475
296,2021-09-17,DE-BE,0,49.51541666666666
297,2021-09-18,DE-BE,30,46.56708333333333
298,2021-09-19,DE-BE,0,56.85
299,2021-09-20,DE-BE,5,36.14333333333334
300,2021-09-21,DE-BE,15,36.27125
301,2021-09-22,DE-BE,1,40.208333333333336
302,2021-09-23,DE-BE,1,64.76125
303,2021-09-24,DE-BE,1,67.04
304,2021-09-25,DE-BE,1,35.7525
305,2021-09-26,DE-BE,1,45.19
306,2021-09-27,DE-BE,1,39.7775
307,2021-09-28,DE-BE,1,18.499166666666667
308,2021-09-29,DE-BE,1,11.995
309,2021-09-30,DE-BE,2,37.32125
310,2021-10-01,DE-BE,5,45.04708333333334
311,2021-10-02,DE-BE,4,51.51375
312,2021-10-03,DE-BE,1,62.525
313,2021-10-04,DE-BE,1,34.9175
314,2021-10-05,DE-BE,0,13.050416666666663
315,2021-10-06,DE-BE,1,24.685
316,2021-10-07,DE-BE,11,13.875
317,2021-10-08,DE-BE,100,36.06375
318,2021-10-09,DE-BE,3,51.708333333333336
319,2021-10-10,DE-BE,25,38.818333333333335
320,2021-10-11,DE-BE,1,29.9975
321,2021-10-12,DE-BE,82,50.1125
322,2021-10-13,DE-BE,1,33.37833333333334
323,2021-10-14,DE-BE,0,24.312083333333334
324,2021-10-15,DE-BE,25,39.03
325,2021-10-16,DE-BE,1,34.69083333333334
326,2021-10-17,DE-BE,8,37.312916666666666
327,2021-10-18,DE-BE,20,41.26958333333334
328,2021-10-19,DE-BE,3,27.828333333333333
329,2021-10-20,DE-BE,0,54.16583333333333
330,2021-10-21,DE-BE,4,62.67583333333334
331,2021-10-22,DE-BE,0,64.64166666666667
332,2021-10-23,DE-BE,4,58.946666666666665
333,2021-10-24,DE-BE,20,27.87125
334,2021-10-25,DE-BE,0,26.46083333333333
335,2021-10-26,DE-BE,90,19.62333333333333
336,2021-10-27,DE-BE,12,39.495
337,2021-10-28,DE-BE,72,21.832083333333333
338,2021-10-29,DE-BE,5,26.386666666666667
339,2021-10-30,DE-BE,1,40.83833333333333
340,2021-10-31,DE-BE,25,50.6828
341,2021-11-01,DE-BE,2,24.770416666666662
342,2021-11-02,DE-BE,3,6.9725
343,2021-11-03,DE-BE,19,1.1870833333333335
344,2021-11-04,DE-BE,0,18.316666666666663
345,2021-11-05,DE-BE,0,26.792916666666667
346,2021-11-06,DE-BE,2,39.875416666666666
347,2021-11-07,DE-BE,2,54.150416666666665
348,2021-11-08,DE-BE,0,41.22375
349,2021-11-09,DE-BE,1,3.176666666666667
350,2021-11-10,DE-BE,1,2.4758333333333336
351,2021-11-11,DE-BE,10,2.0241666666666664
352,2021-11-12,DE-BE,1,8.24375
353,2021-11-13,DE-BE,0,2.254583333333333
354,2021-11-14,DE-BE,25,12.98875
355,2021-11-15,DE-BE,0,20.895
356,2021-11-16,DE-BE,1,7.927083333333333
357,2021-11-17,DE-BE,0,22.50125
358,2021-11-18,DE-BE,0,41.98458333333333
359,2021-11-19,DE-BE,3,44.0625
360,2021-11-20,DE-BE,1,49.665
361,2021-11-21,DE-BE,1,29.39583333333333
362,2021-11-22,DE-BE,0,32.53666666666667
363,2021-11-23,DE-BE,0,31.0175
364,2021-11-24,DE-BE,1,22.721666666666664
365,2021-11-25,DE-BE,9,17.993750000000002
366,2021-11-26,DE-BE,0,22.5675
367,2021-11-27,DE-BE,1,16.135833333333334
368,2021-11-28,DE-BE,5,7.97125
369,2021-11-29,DE-BE,0,10.100416666666666
370,2021-11-30,DE-BE,0,47.303333333333335
371,2021-12-01,DE-BE,0,47.19166666666666
372,2021-12-02,DE-BE,2,58.97708333333333
373,2021-12-03,DE-BE,0,44.509166666666665
374,2021-12-04,DE-BE,20,34.80916666666666
375,2021-12-05,DE-BE,5,27.60083333333333
376,2021-12-06,DE-BE,1,15.892916666666666
377,2021-12-07,DE-BE,1,11.93125
378,2021-12-08,DE-BE,3,21.419583333333332
379,2021-12-09,DE-BE,0,14.817083333333334
380,2021-12-10,DE-BE,0,0.1612499999999999
381,2021-12-11,DE-BE,1,1.48125
382,2021-12-12,DE-BE,0,13.30625
383,2021-12-13,DE-BE,1,2.600416666666667
384,2021-12-14,DE-BE,10,15.042083333333332
385,2021-12-15,DE-BE,20,11.022916666666667
386,2021-12-16,DE-BE,14,24.355416666666667
387,2021-12-17,DE-BE,0,35.94083333333334
388,2021-12-18,DE-BE,0,30.61375
389,2021-12-19,DE-BE,1,61.959583333333335
390,2021-12-20,DE-BE,5,33.50291666666667
391,2021-12-21,DE-BE,1,5.702916666666667
392,2021-12-22,DE-BE,0,1.6
393,2021-12-23,DE-BE,0,10.782916666666669
394,2021-12-24,DE-BE,1,17.294583333333332
395,2021-12-25,DE-BE,1,18.805
396,2021-12-26,DE-BE,2,18.508333333333333
397,2021-12-27,DE-BE,0,34.36208333333333
398,2021-12-28,DE-BE,0,24.395
399,2021-12-29,DE-BE,1,1.2954166666666669
400,2021-12-30,DE-BE,30,12.205833333333333
401,2021-12-31,DE-BE,140,32.678333333333335
402,2022-01-01,DE-BE,1,25.50333333333333
403,2022-01-02,DE-BE,1,31.136666666666667
404,2022-01-03,DE-BE,2,40.47083333333333
405,2022-01-04,DE-BE,2,19.344583333333333
406,2022-01-05,DE-BE,1,42.95208333333333
407,2022-01-06,DE-BE,4,27.07958333333333
408,2022-01-07,DE-BE,2,24.875833333333333
409,2022-01-08,DE-BE,60,21.75583333333333
410,2022-01-09,DE-BE,30,27.68625
411,2022-01-10,DE-BE,0,2.5825
412,2022-01-11,DE-BE,0,8.329166666666667
413,2022-01-12,DE-BE,3,3.855
414,2022-01-13,DE-BE,3,32.52125
415,2022-01-14,DE-BE,8,47.43083333333333
416,2022-01-15,DE-BE,2,21.63458333333333
417,2022-01-16,DE-BE,0,23.03833333333333
418,2022-01-17,DE-BE,0,69.82625
419,2022-01-18,DE-BE,25,42.76541666666666
420,2022-01-19,DE-BE,0,32.6925
421,2022-01-20,DE-BE,1,65.13333333333334
422,2022-01-21,DE-BE,8,56.83291666666667
423,2022-01-22,DE-BE,6,41.959583333333335
424,2022-01-23,DE-BE,1,17.3
425,2022-01-24,DE-BE,2,20.49909090909091
426,2022-01-25,DE-BE,0,44.04916666666667
427,2022-01-26,DE-BE,2,42.677083333333336
428,2022-01-27,DE-BE,0,48.84583333333333
429,2022-01-28,DE-BE,0,63.21083333333333
430,2022-01-29,DE-BE,1,51.64833333333333
431,2022-01-30,DE-BE,20,81.23958333333333
432,2022-01-31,DE-BE,5,34.90125
433,2022-02-01,DE-BE,0,47.080000000000005
434,2022-02-02,DE-BE,20,69.05208333333333
435,2022-02-03,DE-BE,0,21.015833333333333
436,2022-02-04,DE-BE,0,33.0375
437,2022-02-05,DE-BE,1,58.650416666666665
438,2022-02-06,DE-BE,1,61.959583333333335
439,2022-02-07,DE-BE,0,65.32791666666667
440,2022-02-08,DE-BE,8,47.727916666666665
441,2022-02-09,DE-BE,0,54.22625
442,2022-02-10,DE-BE,10,25.41583333333333
443,2022-02-11,DE-BE,4,30.30875
444,2022-02-12,DE-BE,2,37.28958333333333
445,2022-02-13,DE-BE,1,41.72208333333334
446,2022-02-14,DE-BE,1,61.020833333333336
447,2022-02-15,DE-BE,0,29.52333333333333
448,2022-02-16,DE-BE,6,50.56
449,2022-02-17,DE-BE,3,63.031666666666666
450,2022-02-18,DE-BE,10,54.38791666666666
451,2022-02-19,DE-BE,14,67.65083333333332
452,2022-02-20,DE-BE,6,57.935
453,2022-02-21,DE-BE,2,63.46272727272728
454,2022-02-22,DE-BE,2,57.13083333333333
455,2022-02-23,DE-BE,8,57.45916666666667
456,2022-02-24,DE-BE,3,51.33416666666667
457,2022-02-25,DE-BE,1,50.93333333333334
458,2022-02-26,DE-BE,6,50.63375
459,2022-02-27,DE-BE,1,21.18875
460,2022-02-28,DE-BE,7,31.19083333333333
461,2022-03-01,DE-BE,1,34.07458333333333
462,2022-03-02,DE-BE,8,15.555833333333332
463,2022-03-03,DE-BE,4,22.78625
464,2022-03-04,DE-BE,14,46.23875
465,2022-03-05,DE-BE,1,38.57833333333333
466,2022-03-06,DE-BE,1,54.984166666666674
467,2022-03-07,DE-BE,1,47.36375
468,2022-03-08,DE-BE,93,21.88083333333333
469,2022-03-09,DE-BE,2,17.797083333333333
470,2022-03-10,DE-BE,4,44.77458333333333
471,2022-03-11,DE-BE,2,78.08083333333333
472,2022-03-12,DE-BE,1,76.41375000000001
473,2022-03-13,DE-BE,4,73.10583333333334
474,2022-03-14,DE-BE,1,65.08833333333332
475,2022-03-15,DE-BE,2,13.361666666666666
476,2022-03-16,DE-BE,2,32.912083333333335
477,2022-03-17,DE-BE,10,45.68625
478,2022-03-18,DE-BE,10,49.565
479,2022-03-19,DE-BE,9,69.63375
480,2022-03-20,DE-BE,10,96.14291666666666
481,2022-03-21,DE-BE,2,78.51541666666667
482,2022-03-22,DE-BE,2,47.47916666666666
483,2022-03-23,DE-BE,17,48.1825
484,2022-03-24,DE-BE,27,43.12458333333333
485,2022-03-25,DE-BE,1,35.82416666666666
486,2022-03-26,DE-BE,0,59.10458333333333
487,2022-03-27,DE-BE,1,29.960869565217397
488,2022-03-28,DE-BE,1,59.53041666666667
489,2022-03-29,DE-BE,10,73.23958333333333
490,2022-03-30,DE-BE,10,45.79125
491,2022-03-31,DE-BE,4,76.91958333333334
492,2022-04-01,DE-BE,2,88.12374999999999
493,2022-04-02,DE-BE,0,85.5025
494,2022-04-03,DE-BE,6,75.63916666666667
495,2022-04-04,DE-BE,4,77.81333333333333
496,2022-04-05,DE-BE,1,68.81416666666667
497,2022-04-06,DE-BE,2,59.977916666666665
498,2022-04-07,DE-BE,2,70.42291666666667
499,2022-04-08,DE-BE,4,69.79666666666667
500,2022-04-09,DE-BE,1,69.70708333333333
501,2022-04-10,DE-BE,8,81.27083333333333
502,2022-04-11,DE-BE,6,56.49875
503,2022-04-12,DE-BE,6,71.6875
504,2022-04-13,DE-BE,0,74.90291666666667
505,2022-04-14,DE-BE,1,26.740416666666665
506,2022-04-15,DE-BE,2,55.08958333333334
507,2022-04-16,DE-BE,1,83.62458333333333
508,2022-04-17,DE-BE,2,69.03708333333334
509,2022-04-18,DE-BE,2,71.30958333333334
510,2022-04-19,DE-BE,1,77.09958333333333
511,2022-04-20,DE-BE,52,74.02916666666667
512,2022-04-21,DE-BE,1,52.4025
513,2022-04-22,DE-BE,5,55.68708333333333
514,2022-04-23,DE-BE,5,75.84875
515,2022-04-24,DE-BE,2,77.4575
516,2022-04-25,DE-BE,3,77.18708333333333
517,2022-04-26,DE-BE,6,47.8325
518,2022-04-27,DE-BE,20,64.56666666666666
519,2022-04-28,DE-BE,3,51.57208333333333
520,2022-04-29,DE-BE,8,48.48333333333334
521,2022-04-30,DE-BE,8,60.09833333333333
522,2022-05-01,DE-BE,3,79.51375
523,2022-05-02,DE-BE,2,59.20625
524,2022-05-03,DE-BE,20,53.83208333333334
525,2022-05-04,DE-BE,6,44.520833333333336
526,2022-05-05,DE-BE,1,56.76416666666666
527,2022-05-06,DE-BE,5,40.96541666666666
528,2022-05-07,DE-BE,4,52.42916666666667
529,2022-05-08,DE-BE,4,67.86041666666667
530,2022-05-09,DE-BE,4,77.36666666666666
531,2022-05-10,DE-BE,0,73.22500000000001
532,2022-05-11,DE-BE,0,61.59708333333333
533,2022-05-12,DE-BE,4,76.75625000000001
534,2022-05-13,DE-BE,1,49.16125
535,2022-05-14,DE-BE,2,85.08666666666666
536,2022-05-15,DE-BE,4,52.50208333333333
537,2022-05-16,DE-BE,0,82.22500000000001
538,2022-05-17,DE-BE,1,36.11625
539,2022-05-18,DE-BE,12,82.13166666666667
540,2022-05-19,DE-BE,2,91.255
541,2022-05-20,DE-BE,2,70.38250000000001
542,2022-05-21,DE-BE,1,84.69833333333334
543,2022-05-22,DE-BE,1,63.778333333333336
544,2022-05-23,DE-BE,22,76.71208333333333
545,2022-05-24,DE-BE,9,78.07833333333333
546,2022-05-25,DE-BE,1,51.40541666666667
547,2022-05-26,DE-BE,1,69.46833333333333
548,2022-05-27,DE-BE,5,79.63250000000001
549,2022-05-28,DE-BE,1,72.27166666666666
550,2022-05-29,DE-BE,2,57.38333333333333
551,2022-05-30,DE-BE,3,49.02333333333333
552,2022-05-31,DE-BE,3,34.79625
553,2022-06-01,DE-BE,1,60.55875
554,2022-06-02,DE-BE,0,59.15125
555,2022-06-03,DE-BE,2,62.147083333333335
556,2022-06-04,DE-BE,2,77.72500000000001
557,2022-06-05,DE-BE,6,80.19791666666667
558,2022-06-06,DE-BE,10,81.13583333333334
559,2022-06-07,DE-BE,1,52.91416666666667
560,2022-06-08,DE-BE,1,49.724583333333335
561,2022-06-09,DE-BE,4,57.75
562,2022-06-10,DE-BE,11,73.64041666666667
563,2022-06-11,DE-BE,5,61.20875
564,2022-06-12,DE-BE,2,64.02958333333333
565,2022-06-13,DE-BE,12,76.94958333333334
566,2022-06-14,DE-BE,2,68.20791666666666
567,2022-06-15,DE-BE,6,70.90833333333333
568,2022-06-16,DE-BE,1,70.915
569,2022-06-17,DE-BE,3,68.89333333333333
570,2022-06-18,DE-BE,5,90.42916666666667
571,2022-06-19,DE-BE,3,88.06541666666668
572,2022-06-20,DE-BE,2,62.227916666666665
573,2022-06-21,DE-BE,3,60.40916666666666
574,2022-06-22,DE-BE,1,57.36958333333333
575,2022-06-23,DE-BE,6,81.27125
576,2022-06-24,DE-BE,0,96.35208333333333
577,2022-06-25,DE-BE,1,51.90625
578,2022-06-26,DE-BE,7,58.93666666666667
579,2022-06-27,DE-BE,5,82.71541666666667
580,2022-06-28,DE-BE,1,72.14958333333333
581,2022-06-29,DE-BE,12,74.62458333333333
582,2022-06-30,DE-BE,3,67.14458333333333
583,2022-07-01,DE-BE,2,64.85000000000001
584,2022-07-02,DE-BE,20,71.92
585,2022-07-03,DE-BE,3,74.26625
586,2022-07-04,DE-BE,7,62.145833333333336
587,2022-07-05,DE-BE,2,64.1225
588,2022-07-06,DE-BE,7,64.075
589,2022-07-07,DE-BE,15,55.41833333333333
590,2022-07-08,DE-BE,3,58.3975
591,2022-07-09,DE-BE,10,59.336666666666666
592,2022-07-10,DE-BE,3,56.37125
593,2022-07-11,DE-BE,2,57.50291666666666
594,2022-07-12,DE-BE,1,49.87583333333333
595,2022-07-13,DE-BE,1,78.89416666666666
596,2022-07-14,DE-BE,2,71.70416666666667
597,2022-07-15,DE-BE,2,60.23166666666666
598,2022-07-16,DE-BE,1,55.59666666666666
599,2022-07-17,DE-BE,1,62.24166666666667
600,2022-07-18,DE-BE,0,54.60541666666666
601,2022-07-19,DE-BE,1,83.67458333333333
602,2022-07-20,DE-BE,1,84.64
603,2022-07-22,DE-BE,0,72.04047619047618
604,2022-07-23,DE-BE,0,58.0925
605,2022-07-24,DE-BE,4,70.28208333333333
606,2022-07-25,DE-BE,0,101.53666666666668
607,2022-07-26,DE-BE,0,78.0825
608,2022-07-27,DE-BE,1,65.43041666666666
609,2022-07-28,DE-BE,20,61.61833333333333
610,2022-07-29,DE-BE,1,76.47416666666666
611,2022-07-30,DE-BE,10,64.22541666666667
612,2022-07-31,DE-BE,15,58.845
613,2022-08-01,DE-BE,1,55.39333333333334
614,2022-08-02,DE-BE,2,50.48833333333334
615,2022-08-03,DE-BE,1,59.69708333333333
616,2022-08-04,DE-BE,2,54.09708333333333
617,2022-08-05,DE-BE,3,69.36458333333333
618,2022-08-06,DE-BE,5,55.055416666666666
619,2022-08-07,DE-BE,6,45.7125
620,2022-08-08,DE-BE,60,47.9075
621,2022-08-09,DE-BE,2,71.97291666666666
622,2022-08-10,DE-BE,0,71.07916666666667
623,2022-08-11,DE-BE,0,71.13833333333334
624,2022-08-12,DE-BE,4,64.48541666666667
625,2022-08-13,DE-BE,1,64.16416666666667
626,2022-08-14,DE-BE,1,61.65291666666667
627,2022-08-15,DE-BE,0,54.12125
628,2022-08-16,DE-BE,0,56.844166666666666
629,2022-08-17,DE-BE,1,49.8525
630,2022-08-18,DE-BE,0,67.80083333333333
631,2022-08-19,DE-BE,1,40.93541666666666
632,2022-08-20,DE-BE,1,59.18666666666667
633,2022-08-21,DE-BE,12,49.55416666666667
634,2022-08-22,DE-BE,0,49.29083333333333
635,2022-08-23,DE-BE,35,59.68
636,2022-08-24,DE-BE,1,57.69708333333333
637,2022-08-25,DE-BE,0,55.3575
638,2022-08-26,DE-BE,1,38.48875
639,2022-08-27,DE-BE,8,33.84666666666667
640,2022-08-28,DE-BE,15,56.833333333333336
641,2022-08-29,DE-BE,2,49.4275
642,2022-08-30,DE-BE,8,34.73875
643,2022-08-31,DE-BE,125,50.43333333333334
644,2022-09-01,DE-BE,1,43.41291666666667
645,2022-09-02,DE-BE,2,43.45249999999999
646,2022-09-03,DE-BE,5,61.675
647,2022-09-04,DE-BE,1,64.89416666666666
648,2022-09-05,DE-BE,1,65.29666666666667
649,2022-09-06,DE-BE,1,71.91333333333334
650,2022-09-07,DE-BE,1,66.38375
651,2022-09-08,DE-BE,6,41.28875
652,2022-09-09,DE-BE,21,23.071250000000003
653,2022-09-10,DE-BE,30,14.852083333333333
654,2022-09-11,DE-BE,1,30.999583333333334
655,2022-09-12,DE-BE,1,19.3825
656,2022-09-13,DE-BE,25,40.14
657,2022-09-14,DE-BE,12,48.89041666666666
658,2022-09-15,DE-BE,0,49.875416666666666
659,2022-09-16,DE-BE,1,60.931666666666665
660,2022-09-17,DE-BE,1,52.10958333333334
661,2022-09-18,DE-BE,2,50.09791666666666
662,2022-09-19,DE-BE,12,30.76375
663,2022-09-20,DE-BE,5,32.17208333333333
664,2022-09-21,DE-BE,28,23.828333333333333
665,2022-09-22,DE-BE,6,21.44833333333333
666,2022-09-23,DE-BE,30,24.392916666666665
667,2022-09-24,DE-BE,0,24.471666666666664
668,2022-09-25,DE-BE,6,39.5925
669,2022-09-26,DE-BE,1,36.76375
670,2022-09-27,DE-BE,10,36.06875
671,2022-09-28,DE-BE,1,12.511666666666663
672,2022-09-29,DE-BE,9,16.297083333333333
673,2022-09-30,DE-BE,0,18.62125
674,2022-10-01,DE-BE,0,39.06666666666667
675,2022-10-02,DE-BE,1,44.375416666666666
676,2022-10-03,DE-BE,1,54.26958333333334
677,2022-10-04,DE-BE,0,38.117916666666666
678,2022-10-05,DE-BE,10,49.7625
679,2022-10-06,DE-BE,1,53.084583333333335
680,2022-10-07,DE-BE,3,21.50583333333333
681,2022-10-08,DE-BE,6,35.333333333333336
682,2022-10-09,DE-BE,2,25.456666666666667
683,2022-10-10,DE-BE,15,37.50625
684,2022-10-11,DE-BE,40,30.135
685,2022-10-12,DE-BE,0,15.367916666666666
686,2022-10-13,DE-BE,1,8.426666666666668
687,2022-10-14,DE-BE,1,7.942083333333333
688,2022-10-15,DE-BE,22,16.855
689,2022-10-16,DE-BE,0,13.662083333333332
690,2022-10-17,DE-BE,2,18.69125
691,2022-10-18,DE-BE,20,19.980416666666667
692,2022-10-19,DE-BE,1,41.40958333333334
693,2022-10-20,DE-BE,1,39.19791666666666
694,2022-10-21,DE-BE,0,24.04208333333333
695,2022-10-22,DE-BE,1,13.234166666666669
696,2022-10-23,DE-BE,1,16.305
697,2022-10-24,DE-BE,20,42.08166666666667
698,2022-10-25,DE-BE,0,24.00125
699,2022-10-26,DE-BE,20,3.6125
700,2022-10-27,DE-BE,0,6.338333333333334
701,2022-10-28,DE-BE,20,18.652083333333334
702,2022-10-29,DE-BE,0,19.36958333333333
703,2022-10-30,DE-BE,5,4.3248
704,2022-10-31,DE-BE,60,2.949583333333333
705,2022-11-01,DE-BE,15,10.051666666666668
706,2022-11-02,DE-BE,1,27.815416666666664
707,2022-11-03,DE-BE,5,25.476250000000004
708,2022-11-04,DE-BE,0,19.605833333333333
709,2022-11-05,DE-BE,2,20.885416666666668
710,2022-11-06,DE-BE,8,24.475
711,2022-11-07,DE-BE,4,35.98583333333333
712,2022-11-08,DE-BE,2,33.14041666666667
713,2022-11-09,DE-BE,36,35.76291666666667
714,2022-11-10,DE-BE,1,22.791666666666668
715,2022-11-11,DE-BE,1,29.39125
716,2022-11-12,DE-BE,2,7.810416666666666
717,2022-11-13,DE-BE,22,41.08416666666667
718,2022-11-14,DE-BE,1,25.645416666666662
719,2022-11-15,DE-BE,1,6.122916666666666
720,2022-11-16,DE-BE,9,23.349166666666665
721,2022-11-17,DE-BE,3,26.83
722,2022-11-18,DE-BE,4,36.25083333333333
723,2022-11-19,DE-BE,6,20.11458333333333
724,2022-11-20,DE-BE,1,17.842916666666667
725,2022-11-21,DE-BE,1,3.077916666666667
726,2022-11-22,DE-BE,1,15.280833333333334
727,2022-11-23,DE-BE,30,5.34875
728,2022-11-24,DE-BE,1,1.2012500000000002
729,2022-11-25,DE-BE,10,0.2795833333333333
730,2022-11-26,DE-BE,20,4.95375
731,2022-11-27,DE-BE,2,5.819583333333333
732,2022-11-28,DE-BE,10,18.432916666666667
733,2022-11-29,DE-BE,10,18.41
734,2022-11-30,DE-BE,50,17.52375
735,2022-12-01,DE-BE,120,26.702916666666667
736,2022-12-02,DE-BE,1,34.958333333333336
737,2022-12-03,DE-BE,20,43.85458333333333
738,2022-12-04,DE-BE,6,13.921666666666669
739,2022-12-05,DE-BE,5,6.395416666666666
740,2022-12-06,DE-BE,100,5.865833333333334
741,2022-12-07,DE-BE,6,45.25541666666666
742,2022-12-08,DE-BE,100,23.07875
743,2022-12-09,DE-BE,0,0.32
744,2022-12-11,DE-BE,1,49.07545454545455
745,2022-12-12,DE-BE,1,36.80625
746,2022-12-13,DE-BE,1,19.085416666666667
747,2022-12-14,DE-BE,2,8.896666666666667
748,2022-12-15,DE-BE,1,1.56375
749,2022-12-16,DE-BE,1,4.18875
750,2022-12-17,DE-BE,41,0.3454166666666666
751,2022-12-18,DE-BE,20,14.452916666666669
752,2022-12-19,DE-BE,100,43.80791666666667
753,2022-12-20,DE-BE,80,27.11958333333333
754,2022-12-21,DE-BE,0,11.974166666666669
755,2022-12-22,DE-BE,5,4.635833333333333
756,2022-12-23,DE-BE,2,0.7133333333333334
757,2022-12-24,DE-BE,60,0.6641666666666667
758,2022-12-25,DE-BE,12,16.27
759,2022-12-26,DE-BE,0,21.453636363636363
760,2022-12-27,DE-BE,0,50.35125
761,2022-12-28,DE-BE,0,44.7625
762,2022-12-29,DE-BE,0,49.844166666666666
763,2022-12-30,DE-BE,1,33.385416666666664
764,2022-12-31,DE-BE,1,48.89083333333334
765,2023-01-01,DE-BE,6,48.81625
766,2023-01-02,DE-BE,4,37.47583333333333
767,2023-01-03,DE-BE,1,10.540833333333332
768,2023-01-04,DE-BE,4,43.42166666666666
769,2023-01-05,DE-BE,0,44.17458333333334
770,2023-01-06,DE-BE,1,14.487916666666663
771,2023-01-07,DE-BE,5,13.682916666666666
772,2023-01-08,DE-BE,3,36.30041666666667
773,2023-01-09,DE-BE,1,17.7125
774,2023-01-10,DE-BE,4,27.433333333333334
775,2023-01-11,DE-BE,0,36.35083333333333
776,2023-01-12,DE-BE,5,44.73208333333333
777,2023-01-13,DE-BE,1,49.42666666666667
778,2023-01-14,DE-BE,1,48.4
779,2023-01-15,DE-BE,16,57.60708333333333
780,2023-01-16,DE-BE,10,49.17416666666667
781,2023-01-17,DE-BE,0,35.98416666666667
782,2023-01-18,DE-BE,1,1.3091666666666666
783,2023-01-19,DE-BE,1,10.020416666666668
784,2023-01-20,DE-BE,300,2.432916666666667
785,2023-01-21,DE-BE,12,43.01083333333333
786,2023-01-22,DE-BE,2,31.971666666666668
787,2023-01-23,DE-BE,20,19.825416666666666
788,2023-01-24,DE-BE,1,11.309166666666668
789,2023-01-25,DE-BE,5,6.06125
790,2023-01-26,DE-BE,10,18.86875
791,2023-01-27,DE-BE,0,35.23083333333333
792,2023-01-28,DE-BE,1,33.00416666666667
793,2023-01-29,DE-BE,10,46.79083333333333
794,2023-01-30,DE-BE,0,57.69625
795,2023-01-31,DE-BE,0,58.47291666666666
796,2023-02-01,DE-BE,5,62.615
797,2023-02-02,DE-BE,1,50.11416666666667
798,2023-02-03,DE-BE,0,47.67875
799,2023-02-04,DE-BE,0,47.736250000000005
800,2023-02-05,DE-BE,1,13.325
801,2023-02-06,DE-BE,0,4.392083333333333
802,2023-02-07,DE-BE,4,2.4658333333333333
803,2023-02-08,DE-BE,62,18.65458333333333
804,2023-02-09,DE-BE,1,37.520833333333336
805,2023-02-10,DE-BE,2,27.779166666666665
806,2023-02-11,DE-BE,60,46.83416666666667
807,2023-02-12,DE-BE,6,38.89208333333333
808,2023-02-13,DE-BE,1,22.27416666666667
809,2023-02-14,DE-BE,1,5.039166666666667
810,2023-02-15,DE-BE,7,4.3445833333333335
811,2023-02-16,DE-BE,7,18.81583333333333
812,2023-02-17,DE-BE,0,49.32208333333333
813,2023-02-18,DE-BE,3,58.97916666666666
814,2023-02-19,DE-BE,50,61.31875
815,2023-02-20,DE-BE,3,58.204583333333325
816,2023-02-21,DE-BE,11,42.1875
817,2023-02-22,DE-BE,500,25.819166666666664
818,2023-02-23,DE-BE,10,47.925
819,2023-02-25,DE-BE,0,52.48954545454546
820,2023-02-26,DE-BE,0,60.24666666666667
821,2023-02-27,DE-BE,7,18.435416666666665
822,2023-02-28,DE-BE,3,22.12333333333333
823,2023-03-01,DE-BE,1,17.1225
824,2023-03-02,DE-BE,5,16.406666666666666
825,2023-03-03,DE-BE,23,29.4025
826,2023-03-04,DE-BE,6,59.365
827,2023-03-05,DE-BE,5,74.19090909090909
828,2023-03-06,DE-BE,2,52.195
829,2023-03-07,DE-BE,0,48.70125
830,2023-03-08,DE-BE,1,33.02333333333333
831,2023-03-09,DE-BE,10,43.17666666666667
832,2023-03-10,DE-BE,1,15.788333333333334
833,2023-03-11,DE-BE,1,69.23208333333334
834,2023-03-12,DE-BE,2,62.76333333333333
835,2023-03-13,DE-BE,4,44.61416666666667
836,2023-03-14,DE-BE,1,58.845
837,2023-03-15,DE-BE,7,70.00541666666668
838,2023-03-16,DE-BE,1,52.49666666666667
839,2023-03-17,DE-BE,12,60.0225
840,2023-03-18,DE-BE,1,34.1375
841,2023-03-19,DE-BE,18,16.160416666666666
842,2023-03-20,DE-BE,1,28.265833333333333
843,2023-03-21,DE-BE,4,28.67333333333333
844,2023-03-22,DE-BE,1,50.142500000000005
845,2023-03-23,DE-BE,1,59.649166666666666
846,2023-03-24,DE-BE,3,56.967083333333335
847,2023-03-25,DE-BE,1,57.56458333333333
848,2023-03-26,DE-BE,3,57.84173913043478
849,2023-03-27,DE-BE,1,73.31333333333333
850,2023-03-28,DE-BE,1,60.91666666666666
851,2023-03-29,DE-BE,1,44.04916666666667
852,2023-03-30,DE-BE,1,38.571666666666665
853,2023-03-31,DE-BE,1,30.77625
854,2023-04-01,DE-BE,1,24.64583333333333
855,2023-04-02,DE-BE,3,92.92125
856,2023-04-03,DE-BE,4,90.8075
857,2023-04-04,DE-BE,10,64.17583333333333
858,2023-04-05,DE-BE,1,38.130833333333335
859,2023-04-06,DE-BE,4,46.87291666666667
860,2023-04-07,DE-BE,1,48.5625
861,2023-04-08,DE-BE,2,35.905833333333334
862,2023-04-09,DE-BE,1,26.4175
863,2023-04-10,DE-BE,8,36.57416666666666
864,2023-04-11,DE-BE,2,62.25708333333333
865,2023-04-12,DE-BE,11,55.6125
866,2023-04-13,DE-BE,1,42.837916666666665
867,2023-04-14,DE-BE,5,29.192083333333333
868,2023-04-15,DE-BE,5,46.015416666666674
869,2023-04-16,DE-BE,20,40.76166666666666
870,2023-04-17,DE-BE,1,62.13833333333333
871,2023-04-18,DE-BE,27,60.43875
872,2023-04-19,DE-BE,2,92.95333333333332
873,2023-04-20,DE-BE,50,57.68208333333333
874,2023-04-21,DE-BE,1,79.81041666666667
875,2023-04-22,DE-BE,1,85.77083333333333
876,2023-04-23,DE-BE,1,41.68125
877,2023-04-24,DE-BE,1,50.45583333333334
878,2023-04-25,DE-BE,10,76.29333333333334
879,2023-04-26,DE-BE,1,76.11458333333333
880,2023-04-27,DE-BE,3,55.57708333333333
881,2023-04-28,DE-BE,10,47.80375
882,2023-04-29,DE-BE,8,66.72708333333334
883,2023-04-30,DE-BE,2,62.94458333333333
884,2023-05-01,DE-BE,12,56.03958333333333
885,2023-05-02,DE-BE,5,59.15083333333333
886,2023-05-03,DE-BE,1,68.34375
887,2023-05-04,DE-BE,1,55.969166666666666
888,2023-05-05,DE-BE,1,74.56541666666666
889,2023-05-06,DE-BE,25,61.69125
890,2023-05-07,DE-BE,0,85.205
891,2023-05-08,DE-BE,2,92.95375
892,2023-05-09,DE-BE,4,97.00666666666666
893,2023-05-10,DE-BE,0,70.03041666666667
894,2023-05-11,DE-BE,3,61.51208333333333
895,2023-05-12,DE-BE,1,84.84833333333334
896,2023-05-13,DE-BE,1,79.70625
897,2023-05-14,DE-BE,3,58.66
898,2023-05-15,DE-BE,6,56.07666666666666
899,2023-05-16,DE-BE,1,78.40958333333333
900,2023-05-17,DE-BE,9,73.73
901,2023-05-18,DE-BE,9,62.88125
902,2023-05-19,DE-BE,5,66.57875
903,2023-05-20,DE-BE,2,61.83916666666666
904,2023-05-21,DE-BE,2,71.76416666666667
905,2023-05-22,DE-BE,3,83.62583333333333
906,2023-05-23,DE-BE,2,72.0625
907,2023-05-24,DE-BE,1,65.41666666666667
908,2023-05-25,DE-BE,3,57.76416666666668
909,2023-05-26,DE-BE,5,70.72083333333333
910,2023-05-27,DE-BE,2,64.395
911,2023-05-28,DE-BE,35,54.16916666666666
912,2023-05-29,DE-BE,1,82.97041666666667
913,2023-05-30,DE-BE,5,73.76833333333333
914,2023-05-31,DE-BE,1,67.13708333333334
915,2023-06-01,DE-BE,3,77.25458333333334
916,2023-06-02,DE-BE,9,82.13541666666667
917,2023-06-03,DE-BE,5,71.9125
918,2023-06-04,DE-BE,2,68.26166666666667
919,2023-06-05,DE-BE,1,71.10875
920,2023-06-06,DE-BE,2,76.905
921,2023-06-07,DE-BE,12,98.70583333333332
922,2023-06-08,DE-BE,1,100.37541666666668
923,2023-06-09,DE-BE,5,104.99458333333332
924,2023-06-10,DE-BE,4,85.53333333333335
925,2023-06-11,DE-BE,1,83.32625
926,2023-06-12,DE-BE,2,87.20208333333333
927,2023-06-13,DE-BE,2,68.85833333333333
928,2023-06-14,DE-BE,6,79.795
929,2023-06-15,DE-BE,30,76.07000000000001
930,2023-06-16,DE-BE,5,55.01458333333333
931,2023-06-17,DE-BE,1,44.28458333333333
932,2023-06-18,DE-BE,25,41.4025
933,2023-06-19,DE-BE,2,65.86166666666666
934,2023-06-20,DE-BE,6,69.86
935,2023-06-21,DE-BE,3,46.93083333333333
936,2023-06-22,DE-BE,4,75.04208333333334
937,2023-06-23,DE-BE,0,68.64958333333333
938,2023-06-24,DE-BE,1,58.34458333333333
939,2023-06-25,DE-BE,5,49.76333333333333
940,2023-06-26,DE-BE,10,70.885
941,2023-06-27,DE-BE,5,66.75666666666666
942,2023-06-28,DE-BE,5,61.497083333333336
943,2023-06-29,DE-BE,9,43.255
944,2023-06-30,DE-BE,12,40.78458333333334
945,2023-07-01,DE-BE,5,60.95916666666667
946,2023-07-02,DE-BE,2,68.32125
947,2023-07-03,DE-BE,12,75.83041666666666
948,2023-07-04,DE-BE,3,68.29208333333334
949,2023-07-05,DE-BE,1,63.03875
950,2023-07-06,DE-BE,1,68.58041666666666
951,2023-07-07,DE-BE,40,65.23083333333334
952,2023-07-08,DE-BE,3,83.83791666666667
953,2023-07-09,DE-BE,1,97.11125
954,2023-07-10,DE-BE,3,89.19875
955,2023-07-11,DE-BE,1,74.82583333333334
956,2023-07-12,DE-BE,1,85.29583333333333
957,2023-07-13,DE-BE,4,69.0225
958,2023-07-14,DE-BE,1,81.37541666666667
959,2023-07-15,DE-BE,0,95.93291666666666
960,2023-07-16,DE-BE,18,67.32333333333334
961,2023-07-17,DE-BE,4,57.10833333333333
962,2023-07-18,DE-BE,1,70.17041666666667
963,2023-07-19,DE-BE,13,57.02583333333334
964,2023-07-20,DE-BE,0,58.32333333333333
965,2023-07-21,DE-BE,19,50.66875
966,2023-07-22,DE-BE,1,56.520833333333336
967,2023-07-23,DE-BE,2,57.151250000000005
968,2023-07-24,DE-BE,6,58.4425
969,2023-07-25,DE-BE,1,61.54208333333333
970,2023-07-26,DE-BE,1,-362.6687500000001
971,2023-07-27,DE-BE,1,65.74458333333332
972,2023-07-28,DE-BE,10,42.88583333333333
973,2023-07-29,DE-BE,0,36.47166666666666
974,2023-07-30,DE-BE,2,61.28083333333333
975,2023-07-31,DE-BE,2,55.07541666666666
976,2023-08-01,DE-BE,6,52.25833333333333
977,2023-08-02,DE-BE,80,55.522083333333335
978,2023-08-03,DE-BE,1,56.68333333333334
979,2023-08-04,DE-BE,2,53.32708333333333
980,2023-08-05,DE-BE,3,37.54833333333333
981,2023-08-06,DE-BE,4,50.60375
982,2023-08-07,DE-BE,3,62.25791666666667
983,2023-08-08,DE-BE,3,72.5675
984,2023-08-09,DE-BE,0,57.54750000000001
985,2023-08-10,DE-BE,12,40.098333333333336
986,2023-08-11,DE-BE,1,31.85625
987,2023-08-12,DE-BE,1,59.0675
988,2023-08-13,DE-BE,1,46.53208333333333
989,2023-08-14,DE-BE,4,55.49791666666667
990,2023-08-15,DE-BE,1,50.8675
991,2023-08-16,DE-BE,1,51.60083333333333
992,2023-08-17,DE-BE,1,74.62583333333333
993,2023-08-18,DE-BE,1,59.53
994,2023-08-19,DE-BE,1,51.427083333333336
995,2023-08-20,DE-BE,0,57.8675
996,2023-08-21,DE-BE,1,60.015833333333326
997,2023-08-22,DE-BE,8,51.498333333333335
998,2023-08-23,DE-BE,6,48.56
999,2023-08-24,DE-BE,13,53.49208333333333
1000,2023-08-25,DE-BE,1,93.72916666666669
1001,2023-08-26,DE-BE,25,55.90291666666667
1002,2023-08-27,DE-BE,22,42.32041666666667
1003,2023-08-28,DE-BE,1,51.880833333333335
1004,2023-08-29,DE-BE,3,40.24916666666667
1005,2023-08-30,DE-BE,1,32.232083333333335
1006,2023-08-31,DE-BE,7,51.781666666666666
1007,2023-09-01,DE-BE,1,44.91791666666666
1008,2023-09-02,DE-BE,10,29.04625
1009,2023-09-03,DE-BE,1,36.59041666666666
1010,2023-09-04,DE-BE,1,36.37625
1011,2023-09-05,DE-BE,0,50.267500000000005
1012,2023-09-06,DE-BE,1,57.78916666666667
1013,2023-09-07,DE-BE,1,74.19250000000001
1014,2023-09-08,DE-BE,0,85.26375
1015,2023-09-09,DE-BE,0,61.89958333333333
1016,2023-09-10,DE-BE,5,41.23583333333333
1017,2023-09-11,DE-BE,50,44.0425
1018,2023-09-12,DE-BE,2,57.251666666666665
1019,2023-09-13,DE-BE,2,54.053333333333335
1020,2023-09-14,DE-BE,8,38.95791666666667
1021,2023-09-15,DE-BE,13,44.97166666666666
1022,2023-09-16,DE-BE,1,59.73375000000001
1023,2023-09-17,DE-BE,4,57.7825
1024,2023-09-18,DE-BE,5,69.27541666666667
1025,2023-09-19,DE-BE,3,58.3825
1026,2023-09-20,DE-BE,3,70.86999999999999
1027,2023-09-21,DE-BE,9,61.92208333333334
1028,2023-09-22,DE-BE,1,47.0725
1029,2023-09-23,DE-BE,3,38.8475
1030,2023-09-24,DE-BE,150,30.019166666666667
1031,2023-09-25,DE-BE,5,33.55458333333333
1032,2023-09-26,DE-BE,1,37.99541666666666
1033,2023-09-27,DE-BE,200,45.20625
1034,2023-09-28,DE-BE,2,43.95375000000001
1035,2023-09-29,DE-BE,20,32.30958333333333
1036,2023-09-30,DE-BE,20,48.63666666666666
1037,2023-10-02,DE-BE,2,37.364285714285714
1038,2023-10-03,DE-BE,5,55.078333333333326
1039,2023-10-04,DE-BE,70,55.20875
1040,2023-10-05,DE-BE,1,44.74791666666667
1041,2023-10-06,DE-BE,1,43.35
1042,2023-10-07,DE-BE,3,54.58291666666667
1043,2023-10-08,DE-BE,11,36.23333333333333
1044,2023-10-09,DE-BE,1,20.602083333333333
1045,2023-10-10,DE-BE,15,16.968333333333334
1046,2023-10-11,DE-BE,1,61.623333333333335
1047,2023-10-12,DE-BE,1,42.86166666666667
1048,2023-10-13,DE-BE,1,28.9625
1049,2023-10-14,DE-BE,1,68.15791666666667
1050,2023-10-15,DE-BE,30,67.23333333333333
1051,2023-10-16,DE-BE,50,46.48083333333333
1052,2023-10-17,DE-BE,10,2.1300000000000003
1053,2023-10-18,DE-BE,3,27.90083333333333
1054,2023-10-19,DE-BE,0,52.675
1055,2023-10-20,DE-BE,0,38.26625
1056,2023-10-21,DE-BE,3,17.799583333333334
1057,2023-10-22,DE-BE,1,24.64833333333333
1058,2023-10-23,DE-BE,7,9.790416666666667
1059,2023-10-24,DE-BE,50,23.32708333333333
1060,2023-10-25,DE-BE,1,4.439583333333333
1061,2023-10-26,DE-BE,4,12.21875
1062,2023-10-27,DE-BE,2,13.168333333333337
1063,2023-10-28,DE-BE,1,5.655833333333334
1064,2023-10-29,DE-BE,50,52.628
1065,2023-10-30,DE-BE,1,41.88666666666666
1066,2023-10-31,DE-BE,1,29.41208333333333
1067,2023-11-01,DE-BE,1,14.797083333333331
1068,2023-11-02,DE-BE,10,28.711666666666662
1069,2023-11-03,DE-BE,20,25.47583333333333
1070,2023-11-04,DE-BE,1,46.38791666666666
1071,2023-11-05,DE-BE,6,54.06166666666667
1072,2023-11-06,DE-BE,2,50.03875
1073,2023-11-07,DE-BE,1,40.65083333333333
1074,2023-11-08,DE-BE,1,44.673750000000005
1075,2023-11-09,DE-BE,1,49.3825
1076,2023-11-10,DE-BE,1,35.89875
1077,2023-11-11,DE-BE,1,19.87833333333333
1078,2023-11-12,DE-BE,1,14.4825
1079,2023-11-13,DE-BE,1,13.805
1080,2023-11-14,DE-BE,5,56.55
1081,2023-11-15,DE-BE,1,26.144583333333333
1082,2023-11-16,DE-BE,1,29.504583333333333
1083,2023-11-17,DE-BE,10,43.69041666666666
1084,2023-11-18,DE-BE,12,18.78333333333333
1085,2023-11-19,DE-BE,5,41.67916666666667
1086,2023-11-20,DE-BE,1,23.581666666666667
1087,2023-11-21,DE-BE,3,28.26708333333333
1088,2023-11-22,DE-BE,1,26.56083333333333
1089,2023-11-23,DE-BE,1,51.20125
1090,2023-11-24,DE-BE,10,68.755
1091,2023-11-25,DE-BE,8,48.92041666666666
1092,2023-11-26,DE-BE,1,36.73625
1093,2023-11-27,DE-BE,2,16.397083333333335
1094,2023-11-28,DE-BE,74,36.99958333333333
1095,2023-11-29,DE-BE,0,33.124583333333334
1096,2023-11-30,DE-BE,1,12.884166666666667
1097,2023-12-01,DE-BE,1,0.8316666666666667
1098,2023-12-02,DE-BE,5,11.947916666666666
1099,2023-12-03,DE-BE,1,13.415
1100,2023-12-04,DE-BE,1,8.624583333333334
1101,2023-12-05,DE-BE,46,22.269583333333333
1102,2023-12-06,DE-BE,5,8.8925
1103,2023-12-07,DE-BE,7,0.0695833333333333
1104,2023-12-08,DE-BE,4,3.87
1105,2023-12-09,DE-BE,10,9.250833333333334
1106,2023-12-10,DE-BE,1,46.105
1107,2023-12-11,DE-BE,30,41.14208333333333
1108,2023-12-12,DE-BE,0,15.500416666666666
1109,2023-12-13,DE-BE,1,7.31875
1110,2023-12-14,DE-BE,1,9.43875
1111,2023-12-15,DE-BE,1,6.8075
1112,2023-12-16,DE-BE,120,35.15958333333334
1113,2023-12-17,DE-BE,1,34.97375
1114,2023-12-18,DE-BE,1,46.298750000000005
1115,2023-12-19,DE-BE,0,42.25958333333333
1116,2023-12-20,DE-BE,1,49.81375
1117,2023-12-21,DE-BE,0,56.41583333333333
1118,2023-12-22,DE-BE,50,77.57541666666667
1119,2023-12-23,DE-BE,1,77.09875
1120,2023-12-24,DE-BE,0,47.653333333333336
1121,2023-12-25,DE-BE,1,57.23666666666667
1122,2023-12-26,DE-BE,2,51.23
1123,2023-12-27,DE-BE,1,43.57083333333333
1124,2023-12-28,DE-BE,1,51.446666666666665
1125,2023-12-29,DE-BE,6,58.114583333333336
1126,2023-12-30,DE-BE,1,45.500416666666666
1127,2023-12-31,DE-BE,1,31.50916666666667
1128,2024-01-01,DE-BE,15,43.16041666666666
1129,2024-01-02,DE-BE,15,29.85875
1130,2024-01-03,DE-BE,2,54.181666666666665
1131,2024-01-04,DE-BE,51,34.69
1132,2024-01-05,DE-BE,3,40.39666666666667
1133,2024-01-06,DE-BE,1,46.50666666666666
1134,2024-01-07,DE-BE,100,64.03041666666667
1135,2024-01-08,DE-BE,1,29.676666666666662
1136,2024-01-09,DE-BE,1,45.595
1137,2024-01-10,DE-BE,25,17.81954545454545
1138,2024-01-11,DE-BE,100,24.9125
1139,2024-01-12,DE-BE,10,20.238333333333333
1140,2024-01-13,DE-BE,1,56.98208333333333
1141,2024-01-14,DE-BE,2,61.37791666666666
1142,2024-01-15,DE-BE,100,60.00666666666667
1143,2024-01-16,DE-BE,300,51.99041666666667
1144,2024-01-17,DE-BE,15,21.33791666666667
1145,2024-01-18,DE-BE,25,7.712499999999999
1146,2024-01-19,DE-BE,50,51.12583333333333
1147,2024-01-20,DE-BE,2,44.31583333333333
1148,2024-01-21,DE-BE,1,49.515833333333326
1149,2024-01-22,DE-BE,1,62.48
1150,2024-01-23,DE-BE,20,60.88625
1151,2024-01-24,DE-BE,2,67.94916666666667
1152,2024-01-25,DE-BE,5,75.84666666666666
1153,2024-01-26,DE-BE,1,32.577083333333334
1154,2024-01-27,DE-BE,20,60.64833333333333
1155,2024-01-28,DE-BE,30,15.674583333333333
1156,2024-01-29,DE-BE,1,13.875833333333333
1157,2024-01-30,DE-BE,1,9.255
1158,2024-01-31,DE-BE,3,49.75541666666666
1159,2024-02-01,DE-BE,1,61.54166666666666
1160,2024-02-02,DE-BE,1,46.16333333333333
1161,2024-02-03,DE-BE,1,51.78083333333333
1162,2024-02-04,DE-BE,1,68.96208333333333
1163,2024-02-05,DE-BE,0,54.821666666666665
1164,2024-02-06,DE-BE,2,60.32041666666667
1165,2024-02-07,DE-BE,20,53.16458333333333
1166,2024-02-08,DE-BE,10,2.7225
1167,2024-02-09,DE-BE,1,26.38458333333333
1168,2024-02-10,DE-BE,3,6.420833333333333
1169,2024-02-11,DE-BE,1,20.535833333333333
1170,2024-02-12,DE-BE,1,17.223333333333333
1171,2024-02-13,DE-BE,25,29.48125
1172,2024-02-14,DE-BE,30,27.37333333333333
1173,2024-02-15,DE-BE,100,16.02875
1174,2024-02-16,DE-BE,6,26.84166666666667
1175,2024-02-17,DE-BE,1,30.380416666666665
1176,2024-02-18,DE-BE,1,18.855
1177,2024-02-19,DE-BE,0,43.66
1178,2024-02-20,DE-BE,1,51.84166666666667
1179,2024-02-21,DE-BE,1,42.08
1180,2024-02-22,DE-BE,31,61.69041666666666
1181,2024-02-23,DE-BE,1,55.602916666666665
1182,2024-02-24,DE-BE,20,24.129583333333333
1183,2024-02-25,DE-BE,1,22.75333333333333
1184,2024-02-26,DE-BE,1,29.813333333333333
1185,2024-02-27,DE-BE,120,52.09375
1186,2024-02-28,DE-BE,3,40.29166666666666
1187,2024-02-29,DE-BE,4,27.20041666666667
1188,2024-03-01,DE-BE,2,15.127083333333331
1189,2024-03-02,DE-BE,2,11.231666666666667
1190,2024-03-03,DE-BE,1,35.494166666666665
1191,2024-03-04,DE-BE,1,42.937916666666666
1192,2024-03-05,DE-BE,7,47.55416666666667
1193,2024-03-06,DE-BE,1,32.20708333333334
1194,2024-03-07,DE-BE,2,58.65
1195,2024-03-08,DE-BE,1,62.86833333333333
1196,2024-03-09,DE-BE,2,61.12458333333333
1197,2024-03-10,DE-BE,12,63.41916666666666
1198,2024-03-11,DE-BE,1,39.48833333333334
1199,2024-03-12,DE-BE,1,16.927083333333332
1200,2024-03-13,DE-BE,1,21.795416666666668
1201,2024-03-14,DE-BE,5,19.359583333333333
1202,2024-03-15,DE-BE,3,29.941666666666663
1203,2024-03-16,DE-BE,1,59.03833333333333
1204,2024-03-17,DE-BE,5,73.31291666666667
1205,2024-03-18,DE-BE,1,60.6475
1206,2024-03-19,DE-BE,3,48.08625
1207,2024-03-20,DE-BE,6,18.13958333333333
1208,2024-03-21,DE-BE,1,23.951666666666668
1209,2024-03-22,DE-BE,9,28.3775
1210,2024-03-23,DE-BE,20,63.6575
1211,2024-03-24,DE-BE,1,66.69791666666667
1212,2024-03-25,DE-BE,12,49.173750000000005
1213,2024-03-26,DE-BE,8,51.14791666666667
1214,2024-03-27,DE-BE,15,74.98208333333334
1215,2024-03-28,DE-BE,1,64.925
1216,2024-03-29,DE-BE,2,64.92458333333333
1217,2024-03-30,DE-BE,15,43.5375
1218,2024-03-31,DE-BE,9,29.73478260869565
1219,2024-04-01,DE-BE,13,31.2325
1220,2024-04-02,DE-BE,2,69.91541666666667
1221,2024-04-03,DE-BE,0,55.298750000000005
1222,2024-04-04,DE-BE,2,55.96875
1223,2024-04-05,DE-BE,1,63.74666666666667
1224,2024-04-06,DE-BE,6,57.7575
1225,2024-04-07,DE-BE,1,60.30291666666667
1226,2024-04-08,DE-BE,1,23.34
1227,2024-04-09,DE-BE,2,59.93291666666667
1228,2024-04-10,DE-BE,1,68.53291666666667
1229,2024-04-11,DE-BE,1,59.15
1230,2024-04-12,DE-BE,1,48.36875
1231,2024-04-13,DE-BE,3,61.36208333333334
1232,2024-04-14,DE-BE,3,82.91
1233,2024-04-15,DE-BE,3,77.66625
1234,2024-04-16,DE-BE,3,85.97958333333332
1235,2024-04-17,DE-BE,1,75.69916666666667
1236,2024-04-18,DE-BE,2,65.50458333333333
1237,2024-04-19,DE-BE,3,70.45125
1238,2024-04-20,DE-BE,4,82.91041666666666
1239,2024-04-21,DE-BE,2,74.65583333333333
1240,2024-04-22,DE-BE,2,68.66208333333334
1241,2024-04-23,DE-BE,2,45.85
1242,2024-04-24,DE-BE,6,53.15291666666667
1243,2024-04-25,DE-BE,3,44.92333333333334
1244,2024-04-26,DE-BE,4,48.37833333333333
1245,2024-04-27,DE-BE,2,58.8475
1246,2024-04-28,DE-BE,2,82.40291666666667
1247,2024-04-29,DE-BE,3,52.96041666666667
1248,2024-04-30,DE-BE,1,82.98458333333333
1249,2024-05-01,DE-BE,3,102.84708333333332
1250,2024-05-02,DE-BE,3,95.36666666666667
1251,2024-05-03,DE-BE,3,68.36625
1252,2024-05-04,DE-BE,1,59.04208333333333
1253,2024-05-05,DE-BE,1,66.45166666666667
1254,2024-05-06,DE-BE,1,82.79208333333334
1255,2024-05-07,DE-BE,1,62.435
1256,2024-05-08,DE-BE,3,86.00958333333334
1257,2024-05-09,DE-BE,2,58.23833333333334
1258,2024-05-10,DE-BE,10,45.15833333333333
1259,2024-05-11,DE-BE,1,44.59916666666667
1260,2024-05-12,DE-BE,2,83.20791666666666
1261,2024-05-13,DE-BE,2,95.33708333333334
1262,2024-05-14,DE-BE,6,98.2275
1263,2024-05-15,DE-BE,100,90.71875
1264,2024-05-16,DE-BE,9,89.67625
1265,2024-05-17,DE-BE,1,84.63916666666667
1266,2024-05-18,DE-BE,3,70.74791666666667
1267,2024-05-19,DE-BE,2,44.02875
1268,2024-05-20,DE-BE,3,53.828333333333326
1269,2024-05-21,DE-BE,1,79.97500000000001
1270,2024-05-22,DE-BE,3,72.80708333333332
1271,2024-05-23,DE-BE,1,70.04625
1272,2024-05-24,DE-BE,4,60.33125
1273,2024-05-25,DE-BE,2,66.26916666666666
1274,2024-05-26,DE-BE,20,48.02875
1275,2024-05-27,DE-BE,2,40.095
1276,2024-05-28,DE-BE,0,33.678333333333335
1277,2024-05-29,DE-BE,1,49.83833333333334
1278,2024-05-30,DE-BE,1,40.06583333333333
1279,2024-05-31,DE-BE,1,35.385
1280,2024-06-01,DE-BE,1,64.06
1281,2024-06-02,DE-BE,4,67.77041666666666
1282,2024-06-03,DE-BE,15,78.91666666666667
1283,2024-06-04,DE-BE,2,52.02708333333334
1284,2024-06-05,DE-BE,2,65.91583333333334
1285,2024-06-06,DE-BE,30,56.71041666666667
1286,2024-06-07,DE-BE,2,51.9925
1287,2024-06-08,DE-BE,4,67.66041666666666
1288,2024-06-09,DE-BE,2,74.83375
1289,2024-06-10,DE-BE,7,55.2125
1290,2024-06-11,DE-BE,5,62.85791666666666
1291,2024-06-12,DE-BE,3,64.90916666666666
1292,2024-06-13,DE-BE,1,57.41291666666667
1293,2024-06-14,DE-BE,3,66.18666666666667
1294,2024-06-15,DE-BE,2,61.8425
1295,2024-06-16,DE-BE,1,45.37875
1296,2024-06-17,DE-BE,9,39.51041666666666
1297,2024-06-18,DE-BE,2,32.15083333333333
1298,2024-06-19,DE-BE,3,41.94
1299,2024-06-20,DE-BE,4,65.83041666666666
1300,2024-06-21,DE-BE,1,69.86458333333333
1301,2024-06-22,DE-BE,1,61.93208333333333
1302,2024-06-23,DE-BE,3,76.56333333333333
1303,2024-06-24,DE-BE,4,55.0375
1304,2024-06-25,DE-BE,3,59.724583333333335
1305,2024-06-26,DE-BE,1,76.92083333333333
1306,2024-06-27,DE-BE,2,51.59583333333333
1307,2024-06-28,DE-BE,1,72.32625
1308,2024-06-29,DE-BE,2,81.82125
1309,2024-06-30,DE-BE,4,78.55833333333334
1310,2024-07-01,DE-BE,4,72.18124999999999
1311,2024-07-02,DE-BE,2,57.21958333333333
1312,2024-07-03,DE-BE,4,55.77458333333333
1313,2024-07-04,DE-BE,3,65.40166666666666
1314,2024-07-05,DE-BE,6,58.91208333333333
1315,2024-07-06,DE-BE,4,68.76916666666666
1316,2024-07-07,DE-BE,4,70.64666666666666
1317,2024-07-08,DE-BE,10,56.520833333333336
1318,2024-07-09,DE-BE,1,85.72708333333333
1319,2024-07-10,DE-BE,4,82.83624999999999
1320,2024-07-11,DE-BE,3,46.92625
1321,2024-07-12,DE-BE,6,51.88999999999999
1322,2024-07-13,DE-BE,1,64.59583333333333
1323,2024-07-14,DE-BE,2,66.13916666666667
1324,2024-07-15,DE-BE,1,79.72291666666668
1325,2024-07-16,DE-BE,1,65.60875
1326,2024-07-17,DE-BE,7,74.50666666666667
1327,2024-07-18,DE-BE,3,65.11833333333333
1328,2024-07-19,DE-BE,1,74.25708333333334
1329,2024-07-20,DE-BE,4,79.48291666666667
1330,2024-07-21,DE-BE,2,91.79166666666669
1331,2024-07-22,DE-BE,2,33.26
1332,2024-07-25,DE-BE,4,61.57142857142857
1333,2024-07-26,DE-BE,1,73.88
1334,2024-07-27,DE-BE,2,48.29833333333334
1335,2024-07-28,DE-BE,1,63.16666666666666
1336,2024-07-29,DE-BE,1,56.37125
1337,2024-07-30,DE-BE,10,67.03708333333334
1338,2024-07-31,DE-BE,40,75.22416666666668
1339,2024-08-01,DE-BE,2,82.22625000000001
1340,2024-08-02,DE-BE,3,61.274166666666666
1341,2024-08-03,DE-BE,1,53.42
1342,2024-08-04,DE-BE,5,54.02458333333333
1343,2024-08-05,DE-BE,10,53.45166666666666
1344,2024-08-06,DE-BE,3,46.49666666666667
1345,2024-08-07,DE-BE,20,77.09791666666666
1346,2024-08-08,DE-BE,2,62.392500000000005
1347,2024-08-09,DE-BE,3,53.09708333333333
1348,2024-08-10,DE-BE,3,71.66041666666666
1349,2024-08-11,DE-BE,10,62.55458333333333
1350,2024-08-12,DE-BE,10,59.66958333333333
1351,2024-08-13,DE-BE,1,71.73458333333333
1352,2024-08-14,DE-BE,8,95.21958333333332
1353,2024-08-15,DE-BE,198,69.02625
1354,2024-08-16,DE-BE,0,64.91083333333334
1355,2024-08-17,DE-BE,7,49.86375
1356,2024-08-18,DE-BE,1,61.76499999999999
1357,2024-08-19,DE-BE,1,76.85958333333333
1358,2024-08-20,DE-BE,14,68.29583333333333
1359,2024-08-21,DE-BE,1,72.53875000000001
1360,2024-08-22,DE-BE,25,64.53708333333333
1361,2024-08-23,DE-BE,15,93.13208333333334
1362,2024-08-24,DE-BE,3,72.78916666666667
1363,2024-08-25,DE-BE,2,78.82708333333333
1364,2024-08-26,DE-BE,1,47.307500000000005
1365,2024-08-27,DE-BE,2,26.54083333333333
1366,2024-08-28,DE-BE,6,68.79083333333334
1367,2024-08-29,DE-BE,50,67.30125
1368,2024-08-30,DE-BE,10,76.63916666666667
1369,2024-08-31,DE-BE,4,83.83416666666666
1370,2024-09-01,DE-BE,1,67.3525
1371,2024-09-02,DE-BE,2,66.31041666666667
1372,2024-09-03,DE-BE,6,78.9475
1373,2024-09-04,DE-BE,4,81.7925
1374,2024-09-05,DE-BE,1,92.92375
1375,2024-09-06,DE-BE,20,84.90708333333333
1376,2024-09-07,DE-BE,4,75.72708333333334
1377,2024-09-08,DE-BE,1,76.22083333333333
1378,2024-09-09,DE-BE,10,55.07333333333333
1379,2024-09-10,DE-BE,2,55.43190476190476
1380,2024-09-11,DE-BE,1,50.8575
1381,2024-09-12,DE-BE,1,34.14833333333333
1382,2024-09-13,DE-BE,3,40.28625
1383,2024-09-14,DE-BE,1,83.98333333333333
1384,2024-09-15,DE-BE,1,78.35125000000001
1385,2024-09-16,DE-BE,150,55.55041666666667
1386,2024-09-17,DE-BE,1,58.79958333333334
1387,2024-09-18,DE-BE,10,58.54666666666666
1388,2024-09-19,DE-BE,1,65.66958333333334
1389,2024-09-20,DE-BE,2,74.23833333333333
1390,2024-09-21,DE-BE,10,70.64583333333333
1391,2024-09-22,DE-BE,1,64.13416666666667
1392,2024-09-23,DE-BE,2,38.617916666666666
1393,2024-09-24,DE-BE,1,22.26458333333333
1394,2024-09-25,DE-BE,1,50.85791666666666
1395,2024-09-26,DE-BE,24,64.14958333333333
1396,2024-09-27,DE-BE,2,64.105
1397,2024-09-28,DE-BE,1,73.49291666666666
1398,2024-09-29,DE-BE,2,55.36833333333333
1399,2024-09-30,DE-BE,2,58.10041666666667
1400,2024-10-01,DE-BE,1,49.435
1401,2024-10-02,DE-BE,30,51.26041666666666
1402,2024-10-03,DE-BE,20,63.3
1403,2024-10-04,DE-BE,1,63.36000000000001
1404,2024-10-05,DE-BE,2,41.49583333333333
1405,2024-10-06,DE-BE,5,25.782916666666665
1406,2024-10-07,DE-BE,20,23.356666666666666
1407,2024-10-08,DE-BE,20,19.77833333333333
1408,2024-10-09,DE-BE,80,26.949166666666667
1409,2024-10-10,DE-BE,100,52.07958333333334
1410,2024-10-11,DE-BE,1,59.00791666666667
1411,2024-10-12,DE-BE,10,39.405
1412,2024-10-13,DE-BE,6,63.15125
1413,2024-10-14,DE-BE,1,55.73083333333333
1414,2024-10-15,DE-BE,1,24.2
1415,2024-10-16,DE-BE,8,60.01541666666666
1416,2024-10-17,DE-BE,50,65.80375
1417,2024-10-18,DE-BE,1,51.647083333333335
1418,2024-10-19,DE-BE,20,39.80833333333333
1419,2024-10-20,DE-BE,11,26.15375
1420,2024-10-21,DE-BE,1,16.075
1421,2024-10-22,DE-BE,1,13.406666666666666
1422,2024-10-23,DE-BE,13,20.40625
1423,2024-10-24,DE-BE,1,24.769166666666667
1424,2024-10-25,DE-BE,1,20.79583333333333
1425,2024-10-26,DE-BE,1,4.901666666666666
1426,2024-10-27,DE-BE,10,20.7496
1427,2024-10-28,DE-BE,3,6.609166666666667
1428,2024-10-29,DE-BE,3,19.765416666666667
1429,2024-10-30,DE-BE,15,28.02916666666667
1430,2024-10-31,DE-BE,6,41.297916666666666
1431,2024-11-01,DE-BE,3,32.40958333333334
1432,2024-11-02,DE-BE,17,48.310833333333335
1433,2024-11-03,DE-BE,50,18.764166666666664
1434,2024-11-04,DE-BE,1,19.28875
1435,2024-11-05,DE-BE,1,5.718333333333334
1436,2024-11-06,DE-BE,1,0.1291666666666666
1437,2024-11-07,DE-BE,1,3.6966666666666663
1438,2024-11-08,DE-BE,1,41.65583333333333
1439,2024-11-09,DE-BE,2,25.269166666666667
1440,2024-11-10,DE-BE,3,8.70125
1441,2024-11-11,DE-BE,2,1.56875
1442,2024-11-12,DE-BE,2,21.82333333333333
1443,2024-11-13,DE-BE,2,16.65791666666667
1444,2024-11-14,DE-BE,200,37.44791666666666
1445,2024-11-15,DE-BE,2,51.126666666666665
1446,2024-11-16,DE-BE,1,53.71875
1447,2024-11-17,DE-BE,1,59.96208333333333
1448,2024-11-18,DE-BE,4,66.99541666666666
1449,2024-11-19,DE-BE,9,34.32625
1450,2024-11-20,DE-BE,50,57.935
1451,2024-11-21,DE-BE,3,56.99791666666667
1452,2024-11-22,DE-BE,1,51.52875
1453,2024-11-23,DE-BE,3,53.37625
1454,2024-11-24,DE-BE,1,65.02875
1455,2024-11-25,DE-BE,1,57.6075
1456,2024-11-26,DE-BE,1,35.888749999999995
1457,2024-11-27,DE-BE,1,22.855416666666667
1458,2024-11-28,DE-BE,1,57.10083333333333
1459,2024-11-29,DE-BE,10,30.251666666666665
1460,2024-11-30,DE-BE,1,22.07875
1461,2024-12-01,DE-BE,40,7.987916666666667
1462,2024-12-02,DE-BE,1,19.8925
1463,2024-12-03,DE-BE,200,24.289583333333336
1464,2024-12-04,DE-BE,0,32.24166666666667
1465,2024-12-05,DE-BE,1,31.1975
1466,2024-12-06,DE-BE,1,31.15416666666667
1467,2024-12-07,DE-BE,2,39.28666666666667
1468,2024-12-08,DE-BE,0,38.66875
1469,2024-12-09,DE-BE,4,28.266666666666666
1470,2024-12-10,DE-BE,1,42.43833333333333
1471,2024-12-11,DE-BE,1,34.54083333333333
1472,2024-12-12,DE-BE,2,3.675416666666667
1473,2024-12-13,DE-BE,51,16.110416666666666
1474,2024-12-14,DE-BE,1,20.422083333333333
1475,2024-12-15,DE-BE,1,52.51125
1476,2024-12-16,DE-BE,1,60.08208333333334
1477,2024-12-17,DE-BE,1,59.248333333333335
1478,2024-12-18,DE-BE,2,48.41416666666667
1479,2024-12-19,DE-BE,1,63.56875
1480,2024-12-20,DE-BE,300,73.28416666666666
1481,2024-12-21,DE-BE,1,50.82750000000001
1482,2024-12-22,DE-BE,30,56.028333333333336
1483,2024-12-23,DE-BE,5,58.8
1484,2024-12-24,DE-BE,4,30.6425
1485,2024-12-25,DE-BE,6,3.1183333333333336
1486,2024-12-26,DE-BE,50,0.02625
1487,2024-12-27,DE-BE,0,0.0941666666666666
1488,2024-12-28,DE-BE,2,0.20375
1489,2024-12-29,DE-BE,25,4.287083333333333
1490,2024-12-30,DE-BE,2,39.02583333333333
1491,2024-12-31,DE-BE,3,37.2825
