Date,Region,Total_Amount
2021/01/01,DE-HH,650
2021/01/02,DE-HH,2
2021/01/03,DE-HH,605
2021/01/04,DE-HH,42
2021/01/05,DE-HH,25
2021/01/06,DE-HH,12
2021/01/07,DE-HH,8
2021/01/08,DE-HH,0
2021/01/09,DE-HH,194
2021/01/10,DE-HH,124
2021/01/11,DE-HH,0
2021/01/12,DE-HH,23
2021/01/13,DE-HH,0
2021/01/14,DE-HH,298
2021/01/15,DE-HH,160
2021/01/16,DE-HH,718
2021/01/17,DE-HH,364
2021/01/18,DE-HH,4
2021/01/19,DE-HH,11
2021/01/20,DE-HH,74
2021/01/21,DE-HH,368
2021/01/22,DE-HH,1
2021/01/23,DE-HH,873
2021/01/24,DE-HH,353
2021/01/25,DE-HH,84
2021/01/26,DE-HH,20
2021/01/27,DE-HH,39
2021/01/28,DE-HH,490
2021/01/29,DE-HH,19
2021/01/30,DE-HH,512
2021/01/31,DE-HH,495
2021/02/01,DE-HH,37
2021/02/02,DE-HH,209
2021/02/03,DE-HH,7
2021/02/04,DE-HH,213
2021/02/05,DE-HH,13
2021/02/06,DE-HH,756
2021/02/07,DE-HH,56
2021/02/08,DE-HH,460
2021/02/09,DE-HH,306
2021/02/10,DE-HH,3
2021/02/11,DE-HH,32
2021/02/12,DE-HH,406
2021/02/13,DE-HH,367
2021/02/14,DE-HH,147
2021/02/15,DE-HH,6
2021/02/16,DE-HH,223
2021/02/17,DE-HH,9
2021/02/18,DE-HH,41
2021/02/19,DE-HH,144
2021/02/20,DE-HH,261
2021/02/21,DE-HH,278
2021/02/22,DE-HH,146
2021/02/23,DE-HH,203
2021/02/24,DE-HH,194
2021/02/25,DE-HH,363
2021/02/26,DE-HH,108
2021/02/27,DE-HH,15
2021/02/28,DE-HH,259
2021/03/01,DE-HH,66
2021/03/02,DE-HH,122
2021/03/03,DE-HH,50
2021/03/04,DE-HH,59
2021/03/05,DE-HH,408
2021/03/06,DE-HH,487
2021/03/07,DE-HH,3
2021/03/08,DE-HH,70
2021/03/09,DE-HH,26
2021/03/10,DE-HH,64
2021/03/11,DE-HH,6
2021/03/12,DE-HH,5
2021/03/13,DE-HH,10
2021/03/14,DE-HH,191
2021/03/15,DE-HH,80
2021/03/16,DE-HH,98
2021/03/17,DE-HH,301
2021/03/18,DE-HH,44
2021/03/19,DE-HH,575
2021/03/20,DE-HH,132
2021/03/21,DE-HH,165
2021/03/22,DE-HH,58
2021/03/23,DE-HH,75
2021/03/24,DE-HH,30
2021/03/25,DE-HH,40
2021/03/26,DE-HH,152
2021/03/27,DE-HH,21
2021/03/28,DE-HH,9
2021/03/29,DE-HH,7
2021/03/30,DE-HH,70
2021/03/31,DE-HH,31
2021/04/01,DE-HH,39
2021/04/02,DE-HH,85
2021/04/03,DE-HH,44
2021/04/04,DE-HH,91
2021/04/05,DE-HH,141
2021/04/06,DE-HH,9
2021/04/07,DE-HH,85
2021/04/08,DE-HH,12
2021/04/09,DE-HH,562
2021/04/10,DE-HH,103
2021/04/11,DE-HH,30
2021/04/12,DE-HH,8
2021/04/13,DE-HH,136
2021/04/14,DE-HH,14
2021/04/15,DE-HH,19
2021/04/16,DE-HH,19
2021/04/17,DE-HH,312
2021/04/18,DE-HH,94
2021/04/19,DE-HH,27
2021/04/20,DE-HH,84
2021/04/21,DE-HH,22
2021/04/22,DE-HH,4
2021/04/23,DE-HH,20
2021/04/24,DE-HH,116
2021/04/25,DE-HH,20
2021/04/26,DE-HH,143
2021/04/27,DE-HH,7
2021/04/28,DE-HH,8
2021/04/29,DE-HH,44
2021/04/30,DE-HH,5
2021/05/01,DE-HH,160
2021/05/02,DE-HH,166
2021/05/03,DE-HH,50
2021/05/04,DE-HH,4
2021/05/05,DE-HH,121
2021/05/06,DE-HH,7
2021/05/07,DE-HH,15
2021/05/08,DE-HH,228
2021/05/09,DE-HH,74
2021/05/10,DE-HH,3
2021/05/11,DE-HH,6
2021/05/12,DE-HH,6
2021/05/13,DE-HH,146
2021/05/14,DE-HH,2
2021/05/15,DE-HH,149
2021/05/16,DE-HH,159
2021/05/17,DE-HH,131
2021/05/18,DE-HH,74
2021/05/19,DE-HH,7
2021/05/20,DE-HH,2
2021/05/21,DE-HH,6
2021/05/22,DE-HH,68
2021/05/23,DE-HH,14
2021/05/24,DE-HH,28
2021/05/25,DE-HH,10
2021/05/26,DE-HH,6
2021/05/27,DE-HH,3
2021/05/28,DE-HH,7
2021/05/29,DE-HH,253
2021/05/30,DE-HH,354
2021/05/31,DE-HH,152
2021/06/01,DE-HH,2
2021/06/02,DE-HH,27
2021/06/03,DE-HH,4
2021/06/04,DE-HH,7
2021/06/05,DE-HH,4
2021/06/06,DE-HH,83
2021/06/07,DE-HH,147
2021/06/08,DE-HH,161
2021/06/09,DE-HH,55
2021/06/10,DE-HH,253
2021/06/11,DE-HH,230
2021/06/12,DE-HH,139
2021/06/13,DE-HH,234
2021/06/14,DE-HH,63
2021/06/15,DE-HH,52
2021/06/16,DE-HH,140
2021/06/17,DE-HH,79
2021/06/18,DE-HH,63
2021/06/19,DE-HH,400
2021/06/20,DE-HH,5
2021/06/21,DE-HH,7
2021/06/22,DE-HH,51
2021/06/23,DE-HH,3
2021/06/24,DE-HH,136
2021/06/25,DE-HH,29
2021/06/26,DE-HH,81
2021/06/27,DE-HH,397
2021/06/28,DE-HH,2
2021/06/29,DE-HH,60
2021/06/30,DE-HH,511
2021/07/01,DE-HH,2
2021/07/02,DE-HH,8
2021/07/03,DE-HH,81
2021/07/04,DE-HH,49
2021/07/05,DE-HH,3
2021/07/06,DE-HH,626
2021/07/07,DE-HH,91
2021/07/08,DE-HH,84
2021/07/09,DE-HH,29
2021/07/10,DE-HH,23
2021/07/11,DE-HH,1
2021/07/12,DE-HH,0
2021/07/13,DE-HH,10
2021/07/14,DE-HH,5
2021/07/15,DE-HH,10
2021/07/16,DE-HH,35
2021/07/17,DE-HH,0
2021/07/18,DE-HH,0
2021/07/19,DE-HH,4
2021/07/20,DE-HH,39
2021/07/21,DE-HH,4
2021/07/22,DE-HH,2
2021/07/23,DE-HH,3
2021/07/24,DE-HH,26
2021/07/25,DE-HH,5
2021/07/26,DE-HH,36
2021/07/27,DE-HH,3
2021/07/28,DE-HH,22
2021/07/29,DE-HH,4
2021/07/30,DE-HH,4
2021/07/31,DE-HH,33
2021/08/01,DE-HH,27
2021/08/02,DE-HH,3
2021/08/03,DE-HH,4
2021/08/04,DE-HH,99
2021/08/05,DE-HH,3
2021/08/06,DE-HH,61
2021/08/07,DE-HH,5
2021/08/08,DE-HH,675
2021/08/09,DE-HH,54
2021/08/10,DE-HH,3
2021/08/11,DE-HH,5
2021/08/12,DE-HH,3
2021/08/13,DE-HH,6
2021/08/14,DE-HH,4
2021/08/15,DE-HH,25
2021/08/16,DE-HH,4
2021/08/17,DE-HH,3
2021/08/18,DE-HH,121
2021/08/19,DE-HH,4
2021/08/20,DE-HH,22
2021/08/21,DE-HH,67
2021/08/22,DE-HH,773
2021/08/23,DE-HH,76
2021/08/24,DE-HH,210
2021/08/25,DE-HH,134
2021/08/26,DE-HH,425
2021/08/27,DE-HH,15
2021/08/28,DE-HH,3
2021/08/29,DE-HH,5
2021/08/30,DE-HH,59
2021/08/31,DE-HH,8
2021/09/01,DE-HH,5
2021/09/02,DE-HH,26
2021/09/03,DE-HH,2
2021/09/04,DE-HH,3
2021/09/05,DE-HH,7
2021/09/06,DE-HH,2
2021/09/07,DE-HH,391
2021/09/08,DE-HH,2
2021/09/09,DE-HH,13
2021/09/10,DE-HH,339
2021/09/11,DE-HH,82
2021/09/12,DE-HH,5
2021/09/13,DE-HH,4
2021/09/14,DE-HH,42
2021/09/15,DE-HH,3
2021/09/16,DE-HH,120
2021/09/17,DE-HH,85
2021/09/18,DE-HH,21
2021/09/19,DE-HH,69
2021/09/20,DE-HH,7
2021/09/21,DE-HH,5
2021/09/22,DE-HH,10
2021/09/23,DE-HH,91
2021/09/24,DE-HH,3
2021/09/25,DE-HH,44
2021/09/26,DE-HH,5
2021/09/27,DE-HH,38
2021/09/28,DE-HH,5
2021/09/29,DE-HH,2
2021/09/30,DE-HH,0
2021/10/01,DE-HH,498
2021/10/02,DE-HH,0
2021/10/03,DE-HH,78
2021/10/04,DE-HH,18
2021/10/05,DE-HH,0
2021/10/06,DE-HH,14
2021/10/07,DE-HH,219
2021/10/08,DE-HH,235
2021/10/09,DE-HH,589
2021/10/10,DE-HH,6
2021/10/11,DE-HH,5
2021/10/12,DE-HH,4
2021/10/13,DE-HH,2
2021/10/14,DE-HH,6
2021/10/15,DE-HH,287
2021/10/16,DE-HH,28
2021/10/17,DE-HH,114
2021/10/18,DE-HH,1184
2021/10/19,DE-HH,132
2021/10/20,DE-HH,1093
2021/10/21,DE-HH,51
2021/10/22,DE-HH,30
2021/10/23,DE-HH,45
2021/10/24,DE-HH,10
2021/10/25,DE-HH,6
2021/10/26,DE-HH,222
2021/10/27,DE-HH,124
2021/10/28,DE-HH,156
2021/10/29,DE-HH,78
2021/10/30,DE-HH,327
2021/10/31,DE-HH,297
2021/11/01,DE-HH,13
2021/11/02,DE-HH,5
2021/11/03,DE-HH,111
2021/11/04,DE-HH,5
2021/11/05,DE-HH,78
2021/11/06,DE-HH,26
2021/11/07,DE-HH,62
2021/11/08,DE-HH,8
2021/11/09,DE-HH,537
2021/11/10,DE-HH,97
2021/11/11,DE-HH,9
2021/11/12,DE-HH,103
2021/11/13,DE-HH,6
2021/11/14,DE-HH,7
2021/11/15,DE-HH,73
2021/11/16,DE-HH,23
2021/11/17,DE-HH,6
2021/11/18,DE-HH,7
2021/11/19,DE-HH,6
2021/11/20,DE-HH,7
2021/11/21,DE-HH,233
2021/11/22,DE-HH,6
2021/11/23,DE-HH,7
2021/11/24,DE-HH,7
2021/11/25,DE-HH,36
2021/11/26,DE-HH,130
2021/11/27,DE-HH,6
2021/11/28,DE-HH,232
2021/11/29,DE-HH,14
2021/11/30,DE-HH,11
2021/12/01,DE-HH,7
2021/12/02,DE-HH,87
2021/12/03,DE-HH,5
2021/12/04,DE-HH,3
2021/12/05,DE-HH,69
2021/12/06,DE-HH,4
2021/12/07,DE-HH,111
2021/12/08,DE-HH,4
2021/12/09,DE-HH,9
2021/12/10,DE-HH,7
2021/12/11,DE-HH,27
2021/12/12,DE-HH,2
2021/12/13,DE-HH,5
2021/12/14,DE-HH,5
2021/12/15,DE-HH,6
2021/12/16,DE-HH,3
2021/12/17,DE-HH,217
2021/12/18,DE-HH,182
2021/12/19,DE-HH,14
2021/12/20,DE-HH,5
2021/12/21,DE-HH,8
2021/12/22,DE-HH,4
2021/12/23,DE-HH,54
2021/12/24,DE-HH,76
2021/12/25,DE-HH,319
2021/12/26,DE-HH,23
2021/12/27,DE-HH,38
2021/12/28,DE-HH,186
2021/12/29,DE-HH,5
2021/12/30,DE-HH,12
2021/12/31,DE-HH,15
2022/01/01,DE-HH,370
2022/01/02,DE-HH,5
2022/01/03,DE-HH,10
2022/01/04,DE-HH,4
2022/01/05,DE-HH,13
2022/01/06,DE-HH,16
2022/01/07,DE-HH,8
2022/01/08,DE-HH,16
2022/01/09,DE-HH,39
2022/01/10,DE-HH,45
2022/01/11,DE-HH,14
2022/01/12,DE-HH,7
2022/01/13,DE-HH,10
2022/01/14,DE-HH,371
2022/01/15,DE-HH,28
2022/01/16,DE-HH,291
2022/01/17,DE-HH,7
2022/01/18,DE-HH,6
2022/01/19,DE-HH,6
2022/01/20,DE-HH,38
2022/01/21,DE-HH,5
2022/01/22,DE-HH,9
2022/01/23,DE-HH,182
2022/01/24,DE-HH,135
2022/01/25,DE-HH,259
2022/01/26,DE-HH,4
2022/01/27,DE-HH,4
2022/01/28,DE-HH,4
2022/01/29,DE-HH,9
2022/01/30,DE-HH,21
2022/01/31,DE-HH,6
2022/02/01,DE-HH,56
2022/02/02,DE-HH,8
2022/02/03,DE-HH,49
2022/02/04,DE-HH,8
2022/02/05,DE-HH,153
2022/02/06,DE-HH,3
2022/02/07,DE-HH,139
2022/02/08,DE-HH,5
2022/02/09,DE-HH,68
2022/02/10,DE-HH,118
2022/02/11,DE-HH,76
2022/02/12,DE-HH,228
2022/02/13,DE-HH,300
2022/02/14,DE-HH,60
2022/02/15,DE-HH,8
2022/02/16,DE-HH,6
2022/02/17,DE-HH,2
2022/02/18,DE-HH,85
2022/02/19,DE-HH,80
2022/02/20,DE-HH,11
2022/02/21,DE-HH,7
2022/02/22,DE-HH,40
2022/02/23,DE-HH,116
2022/02/24,DE-HH,50
2022/02/25,DE-HH,34
2022/02/26,DE-HH,175
2022/02/27,DE-HH,383
2022/02/28,DE-HH,32
2022/03/01,DE-HH,13
2022/03/02,DE-HH,105
2022/03/03,DE-HH,143
2022/03/04,DE-HH,9
2022/03/05,DE-HH,341
2022/03/06,DE-HH,135
2022/03/07,DE-HH,33
2022/03/08,DE-HH,124
2022/03/09,DE-HH,57
2022/03/10,DE-HH,13
2022/03/11,DE-HH,173
2022/03/12,DE-HH,56
2022/03/13,DE-HH,83
2022/03/14,DE-HH,653
2022/03/15,DE-HH,41
2022/03/16,DE-HH,53
2022/03/17,DE-HH,67
2022/03/18,DE-HH,60
2022/03/19,DE-HH,668
2022/03/20,DE-HH,61
2022/03/21,DE-HH,178
2022/03/22,DE-HH,46
2022/03/23,DE-HH,52
2022/03/24,DE-HH,42
2022/03/25,DE-HH,31
2022/03/26,DE-HH,94
2022/03/27,DE-HH,106
2022/03/28,DE-HH,80
2022/03/29,DE-HH,14
2022/03/30,DE-HH,78
2022/03/31,DE-HH,8
2022/04/01,DE-HH,4
2022/04/02,DE-HH,147
2022/04/03,DE-HH,9
2022/04/04,DE-HH,8
2022/04/05,DE-HH,36
2022/04/06,DE-HH,6
2022/04/07,DE-HH,46
2022/04/08,DE-HH,46
2022/04/09,DE-HH,15
2022/04/10,DE-HH,97
2022/04/11,DE-HH,78
2022/04/12,DE-HH,50
2022/04/13,DE-HH,153
2022/04/14,DE-HH,48
2022/04/15,DE-HH,12
2022/04/16,DE-HH,185
2022/04/17,DE-HH,234
2022/04/18,DE-HH,223
2022/04/19,DE-HH,64
2022/04/20,DE-HH,134
2022/04/21,DE-HH,21
2022/04/22,DE-HH,43
2022/04/23,DE-HH,53
2022/04/24,DE-HH,5
2022/04/25,DE-HH,17
2022/04/26,DE-HH,13
2022/04/27,DE-HH,11
2022/04/28,DE-HH,122
2022/04/29,DE-HH,89
2022/04/30,DE-HH,170
2022/05/01,DE-HH,191
2022/05/02,DE-HH,41
2022/05/03,DE-HH,60
2022/05/04,DE-HH,9
2022/05/05,DE-HH,106
2022/05/06,DE-HH,19
2022/05/07,DE-HH,76
2022/05/08,DE-HH,234
2022/05/09,DE-HH,137
2022/05/10,DE-HH,59
2022/05/11,DE-HH,542
2022/05/12,DE-HH,96
2022/05/13,DE-HH,3
2022/05/14,DE-HH,215
2022/05/15,DE-HH,165
2022/05/16,DE-HH,97
2022/05/17,DE-HH,40
2022/05/18,DE-HH,89
2022/05/19,DE-HH,7
2022/05/20,DE-HH,55
2022/05/21,DE-HH,42
2022/05/22,DE-HH,122
2022/05/23,DE-HH,207
2022/05/24,DE-HH,279
2022/05/25,DE-HH,56
2022/05/26,DE-HH,141
2022/05/27,DE-HH,219
2022/05/28,DE-HH,181
2022/05/29,DE-HH,25
2022/05/30,DE-HH,174
2022/05/31,DE-HH,198
2022/06/01,DE-HH,30
2022/06/02,DE-HH,133
2022/06/03,DE-HH,198
2022/06/04,DE-HH,204
2022/06/05,DE-HH,217
2022/06/06,DE-HH,256
2022/06/07,DE-HH,2
2022/06/08,DE-HH,12
2022/06/09,DE-HH,153
2022/06/10,DE-HH,153
2022/06/11,DE-HH,144
2022/06/12,DE-HH,131
2022/06/13,DE-HH,131
2022/06/14,DE-HH,90
2022/06/15,DE-HH,0
2022/06/16,DE-HH,0
2022/06/17,DE-HH,261
2022/06/18,DE-HH,103
2022/06/19,DE-HH,30
2022/06/20,DE-HH,5
2022/06/21,DE-HH,125
2022/06/22,DE-HH,41
2022/06/23,DE-HH,32
2022/06/24,DE-HH,0
2022/06/25,DE-HH,19
2022/06/26,DE-HH,60
2022/06/27,DE-HH,113
2022/06/28,DE-HH,7
2022/06/29,DE-HH,5
2022/06/30,DE-HH,17
2022/07/01,DE-HH,5
2022/07/02,DE-HH,26
2022/07/03,DE-HH,45
2022/07/04,DE-HH,4
2022/07/05,DE-HH,5
2022/07/06,DE-HH,80
2022/07/07,DE-HH,6
2022/07/08,DE-HH,29
2022/07/09,DE-HH,67
2022/07/10,DE-HH,13
2022/07/11,DE-HH,5
2022/07/12,DE-HH,138
2022/07/13,DE-HH,161
2022/07/14,DE-HH,30
2022/07/15,DE-HH,41
2022/07/16,DE-HH,49
2022/07/17,DE-HH,384
2022/07/18,DE-HH,6
2022/07/19,DE-HH,13
2022/07/20,DE-HH,172
2022/07/21,DE-HH,11
2022/07/22,DE-HH,6
2022/07/23,DE-HH,126
2022/07/24,DE-HH,27
2022/07/25,DE-HH,111
2022/07/26,DE-HH,8
2022/07/27,DE-HH,4
2022/07/28,DE-HH,43
2022/07/29,DE-HH,90
2022/07/30,DE-HH,168
2022/07/31,DE-HH,29
2022/08/01,DE-HH,122
2022/08/02,DE-HH,6
2022/08/03,DE-HH,4
2022/08/04,DE-HH,76
2022/08/05,DE-HH,40
2022/08/06,DE-HH,23
2022/08/07,DE-HH,6
2022/08/08,DE-HH,5
2022/08/09,DE-HH,8
2022/08/10,DE-HH,7
2022/08/11,DE-HH,107
2022/08/12,DE-HH,44
2022/08/13,DE-HH,39
2022/08/14,DE-HH,65
2022/08/15,DE-HH,8
2022/08/16,DE-HH,26
2022/08/17,DE-HH,19
2022/08/18,DE-HH,29
2022/08/19,DE-HH,34
2022/08/20,DE-HH,177
2022/08/21,DE-HH,3
2022/08/22,DE-HH,25
2022/08/23,DE-HH,6
2022/08/24,DE-HH,32
2022/08/25,DE-HH,6
2022/08/26,DE-HH,99
2022/08/27,DE-HH,95
2022/08/28,DE-HH,82
2022/08/29,DE-HH,47
2022/08/30,DE-HH,95
2022/08/31,DE-HH,3
2022/09/01,DE-HH,81
2022/09/02,DE-HH,76
2022/09/03,DE-HH,8
2022/09/04,DE-HH,66
2022/09/05,DE-HH,57
2022/09/06,DE-HH,41
2022/09/07,DE-HH,5
2022/09/08,DE-HH,56
2022/09/09,DE-HH,3
2022/09/10,DE-HH,182
2022/09/11,DE-HH,3608
2022/09/12,DE-HH,659
2022/09/13,DE-HH,25
2022/09/14,DE-HH,698
2022/09/15,DE-HH,43
2022/09/16,DE-HH,6
2022/09/17,DE-HH,35
2022/09/18,DE-HH,106
2022/09/19,DE-HH,10
2022/09/20,DE-HH,87
2022/09/21,DE-HH,33
2022/09/22,DE-HH,2
2022/09/23,DE-HH,0
2022/09/24,DE-HH,817
2022/09/25,DE-HH,143
2022/09/26,DE-HH,0
2022/09/27,DE-HH,6
2022/09/28,DE-HH,2
2022/09/29,DE-HH,37
2022/09/30,DE-HH,9
2022/10/01,DE-HH,1
2022/10/02,DE-HH,33
2022/10/03,DE-HH,22
2022/10/04,DE-HH,50
2022/10/05,DE-HH,23
2022/10/06,DE-HH,1
2022/10/07,DE-HH,676
2022/10/08,DE-HH,19
2022/10/09,DE-HH,91
2022/10/10,DE-HH,104
2022/10/11,DE-HH,6
2022/10/12,DE-HH,2337
2022/10/13,DE-HH,253
2022/10/14,DE-HH,0
2022/10/15,DE-HH,3
2022/10/16,DE-HH,80
2022/10/17,DE-HH,553
2022/10/18,DE-HH,180
2022/10/19,DE-HH,10
2022/10/20,DE-HH,93
2022/10/21,DE-HH,1716
2022/10/22,DE-HH,0
2022/10/23,DE-HH,15
2022/10/24,DE-HH,104
2022/10/25,DE-HH,0
2022/10/26,DE-HH,285
2022/10/27,DE-HH,0
2022/10/28,DE-HH,0
2022/10/29,DE-HH,2944
2022/10/30,DE-HH,73
2022/10/31,DE-HH,77
2022/11/01,DE-HH,36
2022/11/02,DE-HH,70
2022/11/03,DE-HH,11
2022/11/04,DE-HH,5
2022/11/05,DE-HH,17
2022/11/06,DE-HH,5
2022/11/07,DE-HH,9
2022/11/08,DE-HH,18
2022/11/09,DE-HH,13
2022/11/10,DE-HH,67
2022/11/11,DE-HH,37
2022/11/12,DE-HH,27
2022/11/13,DE-HH,56
2022/11/14,DE-HH,5
2022/11/15,DE-HH,19
2022/11/16,DE-HH,0
2022/11/17,DE-HH,0
2022/11/18,DE-HH,0
2022/11/19,DE-HH,77
2022/11/20,DE-HH,117
2022/11/21,DE-HH,4
2022/11/22,DE-HH,0
2022/11/23,DE-HH,3
2022/11/24,DE-HH,174
2022/11/25,DE-HH,4
2022/11/26,DE-HH,4
2022/11/27,DE-HH,57
2022/11/28,DE-HH,6
2022/11/29,DE-HH,19
2022/11/30,DE-HH,32
2022/12/01,DE-HH,56
2022/12/02,DE-HH,15
2022/12/03,DE-HH,0
2022/12/04,DE-HH,87
2022/12/05,DE-HH,109
2022/12/06,DE-HH,33
2022/12/07,DE-HH,124
2022/12/08,DE-HH,0
2022/12/09,DE-HH,0
2022/12/10,DE-HH,0
2022/12/11,DE-HH,28
2022/12/12,DE-HH,0
2022/12/13,DE-HH,0
2022/12/14,DE-HH,2
2022/12/15,DE-HH,0
2022/12/16,DE-HH,69
2022/12/17,DE-HH,189
2022/12/18,DE-HH,81
2022/12/19,DE-HH,0
2022/12/20,DE-HH,0
2022/12/21,DE-HH,4
2022/12/22,DE-HH,94
2022/12/23,DE-HH,777
2022/12/24,DE-HH,28
2022/12/25,DE-HH,159
2022/12/26,DE-HH,135
2022/12/27,DE-HH,84
2022/12/28,DE-HH,14
2022/12/29,DE-HH,421
2022/12/30,DE-HH,84
2022/12/31,DE-HH,218
2023/01/01,DE-HH,193
2023/01/02,DE-HH,202
2023/01/03,DE-HH,78
2023/01/04,DE-HH,26
2023/01/05,DE-HH,184
2023/01/06,DE-HH,22
2023/01/07,DE-HH,211
2023/01/08,DE-HH,122
2023/01/09,DE-HH,132
2023/01/10,DE-HH,22
2023/01/11,DE-HH,2
2023/01/12,DE-HH,4
2023/01/13,DE-HH,27
2023/01/14,DE-HH,0
2023/01/15,DE-HH,82
2023/01/16,DE-HH,27
2023/01/17,DE-HH,25
2023/01/18,DE-HH,0
2023/01/19,DE-HH,16
2023/01/20,DE-HH,18
2023/01/21,DE-HH,192
2023/01/22,DE-HH,1
2023/01/23,DE-HH,0
2023/01/24,DE-HH,1
2023/01/25,DE-HH,0
2023/01/26,DE-HH,20
2023/01/27,DE-HH,0
2023/01/28,DE-HH,2
2023/01/29,DE-HH,0
2023/01/30,DE-HH,0
2023/01/31,DE-HH,0
2023/02/01,DE-HH,20
2023/02/02,DE-HH,293
2023/02/03,DE-HH,1
2023/02/04,DE-HH,30
2023/02/05,DE-HH,93
2023/02/06,DE-HH,163
2023/02/07,DE-HH,257
2023/02/08,DE-HH,153
2023/02/09,DE-HH,158
2023/02/10,DE-HH,114
2023/02/11,DE-HH,199
2023/02/12,DE-HH,195
2023/02/13,DE-HH,207
2023/02/14,DE-HH,147
2023/02/15,DE-HH,1
2023/02/16,DE-HH,195
2023/02/17,DE-HH,29
2023/02/18,DE-HH,64
2023/02/19,DE-HH,89
2023/02/20,DE-HH,0
2023/02/21,DE-HH,0
2023/02/22,DE-HH,187
2023/02/23,DE-HH,263
2023/02/24,DE-HH,27
2023/02/25,DE-HH,285
2023/02/26,DE-HH,253
2023/02/27,DE-HH,116
2023/02/28,DE-HH,9
2023/03/01,DE-HH,322
2023/03/02,DE-HH,179
2023/03/03,DE-HH,288
2023/03/04,DE-HH,146
2023/03/05,DE-HH,0
2023/03/06,DE-HH,0
2023/03/07,DE-HH,259
2023/03/08,DE-HH,43
2023/03/09,DE-HH,22
2023/03/10,DE-HH,3
2023/03/11,DE-HH,507
2023/03/12,DE-HH,171
2023/03/13,DE-HH,110
2023/03/14,DE-HH,167
2023/03/15,DE-HH,105
2023/03/16,DE-HH,121
2023/03/17,DE-HH,229
2023/03/18,DE-HH,165
2023/03/19,DE-HH,482
2023/03/20,DE-HH,0
2023/03/21,DE-HH,168
2023/03/22,DE-HH,113
2023/03/23,DE-HH,172
2023/03/24,DE-HH,270
2023/03/25,DE-HH,138
2023/03/26,DE-HH,202
2023/03/27,DE-HH,92
2023/03/28,DE-HH,155
2023/03/29,DE-HH,156
2023/03/30,DE-HH,506
2023/03/31,DE-HH,115
2023/04/01,DE-HH,114
2023/04/02,DE-HH,738
2023/04/03,DE-HH,1142
2023/04/04,DE-HH,306
2023/04/05,DE-HH,74
2023/04/06,DE-HH,119
2023/04/07,DE-HH,689
2023/04/08,DE-HH,167
2023/04/09,DE-HH,204
2023/04/10,DE-HH,4050
2023/04/11,DE-HH,4676
2023/04/12,DE-HH,112
2023/04/13,DE-HH,45
2023/04/14,DE-HH,11
2023/04/15,DE-HH,74
2023/04/16,DE-HH,218
2023/04/17,DE-HH,122
2023/04/18,DE-HH,178
2023/04/19,DE-HH,145
2023/04/20,DE-HH,172
2023/04/21,DE-HH,582
2023/04/22,DE-HH,177
2023/04/23,DE-HH,131
2023/04/24,DE-HH,92
2023/04/25,DE-HH,114
2023/04/26,DE-HH,156
2023/04/27,DE-HH,147
2023/04/28,DE-HH,141
2023/04/29,DE-HH,142
2023/04/30,DE-HH,120
2023/05/01,DE-HH,142
2023/05/02,DE-HH,264
2023/05/03,DE-HH,342
2023/05/04,DE-HH,102
2023/05/05,DE-HH,65
2023/05/06,DE-HH,98
2023/05/07,DE-HH,287
2023/05/08,DE-HH,10
2023/05/09,DE-HH,34
2023/05/10,DE-HH,41
2023/05/11,DE-HH,129
2023/05/12,DE-HH,84
2023/05/13,DE-HH,381
2023/05/14,DE-HH,168
2023/05/15,DE-HH,35
2023/05/16,DE-HH,3
2023/05/17,DE-HH,109
2023/05/18,DE-HH,430
2023/05/19,DE-HH,304
2023/05/20,DE-HH,412
2023/05/21,DE-HH,155
2023/05/22,DE-HH,39
2023/05/23,DE-HH,240
2023/05/24,DE-HH,127
2023/05/25,DE-HH,114
2023/05/26,DE-HH,129
2023/05/27,DE-HH,90
2023/05/28,DE-HH,38
2023/05/29,DE-HH,99
2023/05/30,DE-HH,91
2023/05/31,DE-HH,7
2023/06/01,DE-HH,352
2023/06/02,DE-HH,343
2023/06/03,DE-HH,337
2023/06/04,DE-HH,168
2023/06/05,DE-HH,245
2023/06/06,DE-HH,280
2023/06/07,DE-HH,265
2023/06/08,DE-HH,499
2023/06/09,DE-HH,0
2023/06/10,DE-HH,193
2023/06/11,DE-HH,263
2023/06/12,DE-HH,57
2023/06/13,DE-HH,209
2023/06/14,DE-HH,108
2023/06/15,DE-HH,393
2023/06/16,DE-HH,180
2023/06/17,DE-HH,72
2023/06/18,DE-HH,30
2023/06/19,DE-HH,18
2023/06/20,DE-HH,0
2023/06/21,DE-HH,112
2023/06/22,DE-HH,0
2023/06/23,DE-HH,1
2023/06/24,DE-HH,218
2023/06/25,DE-HH,133
2023/06/26,DE-HH,0
2023/06/27,DE-HH,0
2023/06/28,DE-HH,174
2023/06/29,DE-HH,309
2023/06/30,DE-HH,207
2023/07/01,DE-HH,82
2023/07/02,DE-HH,86
2023/07/03,DE-HH,131
2023/07/04,DE-HH,149
2023/07/05,DE-HH,134
2023/07/06,DE-HH,140
2023/07/07,DE-HH,738
2023/07/08,DE-HH,177
2023/07/09,DE-HH,26
2023/07/10,DE-HH,1
2023/07/11,DE-HH,4
2023/07/12,DE-HH,118
2023/07/13,DE-HH,158
2023/07/14,DE-HH,24
2023/07/15,DE-HH,0
2023/07/16,DE-HH,17
2023/07/17,DE-HH,3
2023/07/18,DE-HH,68
2023/07/19,DE-HH,33
2023/07/20,DE-HH,61
2023/07/21,DE-HH,341
2023/07/22,DE-HH,0
2023/07/23,DE-HH,14
2023/07/24,DE-HH,40
2023/07/25,DE-HH,78
2023/07/26,DE-HH,21
2023/07/27,DE-HH,84
2023/07/28,DE-HH,365
2023/07/29,DE-HH,143
2023/07/30,DE-HH,45
2023/07/31,DE-HH,2
2023/08/01,DE-HH,0
2023/08/02,DE-HH,75
2023/08/03,DE-HH,80
2023/08/04,DE-HH,156
2023/08/05,DE-HH,8
2023/08/06,DE-HH,0
2023/08/07,DE-HH,0
2023/08/08,DE-HH,11
2023/08/09,DE-HH,1
2023/08/10,DE-HH,119
2023/08/11,DE-HH,46
2023/08/12,DE-HH,39
2023/08/13,DE-HH,27
2023/08/14,DE-HH,2
2023/08/15,DE-HH,23
2023/08/16,DE-HH,72
2023/08/17,DE-HH,5
2023/08/18,DE-HH,1053
2023/08/19,DE-HH,54
2023/08/20,DE-HH,99
2023/08/21,DE-HH,0
2023/08/22,DE-HH,13
2023/08/23,DE-HH,101
2023/08/24,DE-HH,51
2023/08/25,DE-HH,20
2023/08/26,DE-HH,40
2023/08/27,DE-HH,67
2023/08/28,DE-HH,110
2023/08/29,DE-HH,35
2023/08/30,DE-HH,18
2023/08/31,DE-HH,179
2023/09/01,DE-HH,80
2023/09/02,DE-HH,527
2023/09/03,DE-HH,21
2023/09/04,DE-HH,11
2023/09/05,DE-HH,0
2023/09/06,DE-HH,0
2023/09/07,DE-HH,0
2023/09/08,DE-HH,0
2023/09/09,DE-HH,20
2023/09/10,DE-HH,185
2023/09/11,DE-HH,1444
2023/09/12,DE-HH,583
2023/09/13,DE-HH,373
2023/09/14,DE-HH,224
2023/09/15,DE-HH,202
2023/09/16,DE-HH,745
2023/09/17,DE-HH,3
2023/09/18,DE-HH,0
2023/09/19,DE-HH,89
2023/09/20,DE-HH,0
2023/09/21,DE-HH,230
2023/09/22,DE-HH,293
2023/09/23,DE-HH,145
2023/09/24,DE-HH,16
2023/09/25,DE-HH,1221
2023/09/26,DE-HH,219
2023/09/27,DE-HH,36
2023/09/28,DE-HH,282
2023/09/29,DE-HH,19
2023/09/30,DE-HH,47
2023/10/01,DE-HH,65
2023/10/02,DE-HH,89
2023/10/03,DE-HH,9
2023/10/04,DE-HH,111
2023/10/05,DE-HH,235
2023/10/06,DE-HH,33
2023/10/07,DE-HH,0
2023/10/08,DE-HH,55
2023/10/09,DE-HH,0
2023/10/10,DE-HH,200
2023/10/11,DE-HH,0
2023/10/12,DE-HH,59
2023/10/13,DE-HH,54
2023/10/14,DE-HH,185
2023/10/15,DE-HH,65
2023/10/16,DE-HH,150
2023/10/17,DE-HH,383
2023/10/18,DE-HH,67
2023/10/19,DE-HH,1350
2023/10/20,DE-HH,368
2023/10/21,DE-HH,462
2023/10/22,DE-HH,19
2023/10/23,DE-HH,9
2023/10/24,DE-HH,33
2023/10/25,DE-HH,156
2023/10/26,DE-HH,57
2023/10/27,DE-HH,11
2023/10/28,DE-HH,2
2023/10/29,DE-HH,0
2023/10/30,DE-HH,17
2023/10/31,DE-HH,0
2023/11/01,DE-HH,157
2023/11/02,DE-HH,707
2023/11/03,DE-HH,140
2023/11/04,DE-HH,82
2023/11/05,DE-HH,9
2023/11/06,DE-HH,13
2023/11/07,DE-HH,0
2023/11/08,DE-HH,0
2023/11/09,DE-HH,168
2023/11/10,DE-HH,59
2023/11/11,DE-HH,86
2023/11/12,DE-HH,101
2023/11/13,DE-HH,143
2023/11/14,DE-HH,185
2023/11/15,DE-HH,1284
2023/11/16,DE-HH,1
2023/11/17,DE-HH,192
2023/11/18,DE-HH,98
2023/11/19,DE-HH,162
2023/11/20,DE-HH,18
2023/11/21,DE-HH,97
2023/11/22,DE-HH,0
2023/11/23,DE-HH,2
2023/11/24,DE-HH,42
2023/11/25,DE-HH,53
2023/11/26,DE-HH,167
2023/11/27,DE-HH,273
2023/11/28,DE-HH,60
2023/11/29,DE-HH,42
2023/11/30,DE-HH,84
2023/12/01,DE-HH,40
2023/12/02,DE-HH,117
2023/12/03,DE-HH,101
2023/12/04,DE-HH,53
2023/12/05,DE-HH,28
2023/12/06,DE-HH,0
2023/12/07,DE-HH,235
2023/12/08,DE-HH,0
2023/12/09,DE-HH,161
2023/12/10,DE-HH,71
2023/12/11,DE-HH,0
2023/12/12,DE-HH,46
2023/12/13,DE-HH,38
2023/12/14,DE-HH,47
2023/12/15,DE-HH,254
2023/12/16,DE-HH,231
2023/12/17,DE-HH,52
2023/12/18,DE-HH,0
2023/12/19,DE-HH,2
2023/12/20,DE-HH,0
2023/12/21,DE-HH,0
2023/12/22,DE-HH,286
2023/12/23,DE-HH,46
2023/12/24,DE-HH,153
2023/12/25,DE-HH,242
2023/12/26,DE-HH,122
2023/12/27,DE-HH,187
2023/12/28,DE-HH,144
2023/12/29,DE-HH,201
2023/12/30,DE-HH,0
2023/12/31,DE-HH,246
2024/01/01,DE-HH,68
2024/01/02,DE-HH,4133
2024/01/03,DE-HH,32
2024/01/04,DE-HH,351
2024/01/05,DE-HH,22
2024/01/06,DE-HH,54
2024/01/07,DE-HH,214
2024/01/08,DE-HH,82
2024/01/09,DE-HH,59
2024/01/10,DE-HH,35
2024/01/11,DE-HH,49
2024/01/12,DE-HH,159
2024/01/13,DE-HH,121
2024/01/14,DE-HH,324
2024/01/15,DE-HH,90
2024/01/16,DE-HH,66
2024/01/17,DE-HH,32
2024/01/18,DE-HH,112
2024/01/19,DE-HH,42
2024/01/20,DE-HH,90
2024/01/21,DE-HH,113
2024/01/22,DE-HH,0
2024/01/23,DE-HH,36
2024/01/24,DE-HH,11
2024/01/25,DE-HH,102
2024/01/26,DE-HH,188
2024/01/27,DE-HH,149
2024/01/28,DE-HH,61
2024/01/29,DE-HH,71
2024/01/30,DE-HH,36
2024/01/31,DE-HH,0
2024/02/01,DE-HH,19
2024/02/02,DE-HH,112
2024/02/03,DE-HH,218
2024/02/04,DE-HH,379
2024/02/05,DE-HH,84
2024/02/06,DE-HH,118
2024/02/07,DE-HH,28
2024/02/08,DE-HH,65
2024/02/09,DE-HH,173
2024/02/10,DE-HH,85
2024/02/11,DE-HH,220
2024/02/12,DE-HH,103
2024/02/13,DE-HH,99
2024/02/14,DE-HH,164
2024/02/15,DE-HH,80
2024/02/16,DE-HH,202
2024/02/17,DE-HH,464
2024/02/18,DE-HH,310
2024/02/19,DE-HH,86
2024/02/20,DE-HH,71
2024/02/21,DE-HH,34
2024/02/22,DE-HH,714
2024/02/23,DE-HH,123
2024/02/24,DE-HH,150
2024/02/25,DE-HH,172
2024/02/26,DE-HH,183
2024/02/27,DE-HH,237
2024/02/28,DE-HH,67
2024/02/29,DE-HH,128
2024/03/01,DE-HH,101
2024/03/02,DE-HH,276
2024/03/03,DE-HH,134
2024/03/04,DE-HH,84
2024/03/05,DE-HH,61
2024/03/06,DE-HH,121
2024/03/07,DE-HH,18
2024/03/08,DE-HH,108
2024/03/09,DE-HH,473
2024/03/10,DE-HH,344
2024/03/11,DE-HH,151
2024/03/12,DE-HH,681
2024/03/13,DE-HH,35
2024/03/14,DE-HH,51
2024/03/15,DE-HH,2
2024/03/16,DE-HH,60
2024/03/17,DE-HH,88
2024/03/18,DE-HH,82
2024/03/19,DE-HH,140
2024/03/20,DE-HH,416
2024/03/21,DE-HH,670
2024/03/22,DE-HH,0
2024/03/23,DE-HH,263
2024/03/24,DE-HH,177
2024/03/25,DE-HH,47
2024/03/26,DE-HH,132
2024/03/27,DE-HH,130
2024/03/28,DE-HH,50
2024/03/29,DE-HH,130
2024/03/30,DE-HH,227
2024/03/31,DE-HH,127
2024/04/01,DE-HH,21
2024/04/02,DE-HH,101
2024/04/03,DE-HH,87
2024/04/04,DE-HH,168
2024/04/05,DE-HH,100
2024/04/06,DE-HH,78
2024/04/07,DE-HH,130
2024/04/08,DE-HH,106
2024/04/09,DE-HH,73
2024/04/10,DE-HH,81
2024/04/11,DE-HH,124
2024/04/12,DE-HH,174
2024/04/13,DE-HH,133
2024/04/14,DE-HH,245
2024/04/15,DE-HH,669
2024/04/16,DE-HH,25
2024/04/17,DE-HH,162
2024/04/18,DE-HH,745
2024/04/19,DE-HH,49
2024/04/20,DE-HH,189
2024/04/21,DE-HH,119
2024/04/22,DE-HH,87
2024/04/23,DE-HH,173
2024/04/24,DE-HH,213
2024/04/25,DE-HH,94
2024/04/26,DE-HH,135
2024/04/27,DE-HH,330
2024/04/28,DE-HH,171
2024/04/29,DE-HH,148
2024/04/30,DE-HH,292
2024/05/01,DE-HH,66
2024/05/02,DE-HH,250
2024/05/03,DE-HH,340
2024/05/04,DE-HH,246
2024/05/05,DE-HH,124
2024/05/06,DE-HH,78
2024/05/07,DE-HH,477
2024/05/08,DE-HH,107
2024/05/09,DE-HH,91
2024/05/10,DE-HH,202
2024/05/11,DE-HH,1059
2024/05/12,DE-HH,184
2024/05/13,DE-HH,79
2024/05/14,DE-HH,44
2024/05/15,DE-HH,0
2024/05/16,DE-HH,77
2024/05/17,DE-HH,42
2024/05/18,DE-HH,189
2024/05/19,DE-HH,163
2024/05/20,DE-HH,145
2024/05/21,DE-HH,32
2024/05/22,DE-HH,93
2024/05/23,DE-HH,199
2024/05/24,DE-HH,36
2024/05/25,DE-HH,215
2024/05/26,DE-HH,36
2024/05/27,DE-HH,22
2024/05/28,DE-HH,197
2024/05/29,DE-HH,153
2024/05/30,DE-HH,166
2024/05/31,DE-HH,193
2024/06/01,DE-HH,198
2024/06/02,DE-HH,357
2024/06/03,DE-HH,199
2024/06/04,DE-HH,71
2024/06/05,DE-HH,121
2024/06/06,DE-HH,60
2024/06/07,DE-HH,107
2024/06/08,DE-HH,138
2024/06/09,DE-HH,271
2024/06/10,DE-HH,23
2024/06/11,DE-HH,61
2024/06/12,DE-HH,28
2024/06/13,DE-HH,81
2024/06/14,DE-HH,10
2024/06/15,DE-HH,21
2024/06/16,DE-HH,97
2024/06/17,DE-HH,0
2024/06/18,DE-HH,375
2024/06/19,DE-HH,65
2024/06/20,DE-HH,56
2024/06/21,DE-HH,62
2024/06/22,DE-HH,240
2024/06/23,DE-HH,155
2024/06/24,DE-HH,106
2024/06/25,DE-HH,52
2024/06/26,DE-HH,224
2024/06/27,DE-HH,256
2024/06/28,DE-HH,3
2024/06/29,DE-HH,42
2024/06/30,DE-HH,120
2024/07/01,DE-HH,80
2024/07/02,DE-HH,101
2024/07/03,DE-HH,59
2024/07/04,DE-HH,67
2024/07/05,DE-HH,103
2024/07/06,DE-HH,146
2024/07/07,DE-HH,205
2024/07/08,DE-HH,88
2024/07/09,DE-HH,117
2024/07/10,DE-HH,183
2024/07/11,DE-HH,95
2024/07/12,DE-HH,301
2024/07/13,DE-HH,1454
2024/07/14,DE-HH,304
2024/07/15,DE-HH,203
2024/07/16,DE-HH,249
2024/07/17,DE-HH,36
2024/07/18,DE-HH,251
2024/07/19,DE-HH,406
2024/07/20,DE-HH,90
2024/07/21,DE-HH,27
2024/07/22,DE-HH,121
2024/07/23,DE-HH,101
2024/07/24,DE-HH,102
2024/07/25,DE-HH,96
2024/07/26,DE-HH,80
2024/07/27,DE-HH,560
2024/07/28,DE-HH,200
2024/07/29,DE-HH,328
2024/07/30,DE-HH,56
2024/07/31,DE-HH,9
2024/08/01,DE-HH,80
2024/08/02,DE-HH,44
2024/08/03,DE-HH,72
2024/08/04,DE-HH,141
2024/08/05,DE-HH,100
2024/08/06,DE-HH,47
2024/08/07,DE-HH,114
2024/08/08,DE-HH,50
2024/08/09,DE-HH,0
2024/08/10,DE-HH,86
2024/08/11,DE-HH,90
2024/08/12,DE-HH,32
2024/08/13,DE-HH,44
2024/08/14,DE-HH,56
2024/08/15,DE-HH,17
2024/08/16,DE-HH,0
2024/08/17,DE-HH,158
2024/08/18,DE-HH,57
2024/08/19,DE-HH,241
2024/08/20,DE-HH,132
2024/08/21,DE-HH,22
2024/08/22,DE-HH,26
2024/08/23,DE-HH,2
2024/08/24,DE-HH,275
2024/08/25,DE-HH,51
2024/08/26,DE-HH,401
2024/08/27,DE-HH,433
2024/08/28,DE-HH,29
2024/08/29,DE-HH,154
2024/08/30,DE-HH,64
2024/08/31,DE-HH,225
2024/09/01,DE-HH,411
2024/09/02,DE-HH,46
2024/09/03,DE-HH,105
2024/09/04,DE-HH,62
2024/09/05,DE-HH,22
2024/09/06,DE-HH,43
2024/09/07,DE-HH,6
2024/09/08,DE-HH,86
2024/09/09,DE-HH,38
2024/09/10,DE-HH,169
2024/09/11,DE-HH,30
2024/09/12,DE-HH,77
2024/09/13,DE-HH,40
2024/09/14,DE-HH,77
2024/09/15,DE-HH,119
2024/09/16,DE-HH,1
2024/09/17,DE-HH,773
2024/09/18,DE-HH,109
2024/09/19,DE-HH,34
2024/09/20,DE-HH,77
2024/09/21,DE-HH,86
2024/09/22,DE-HH,114
2024/09/23,DE-HH,694
2024/09/24,DE-HH,71
2024/09/25,DE-HH,121
2024/09/26,DE-HH,1317
2024/09/27,DE-HH,174
2024/09/28,DE-HH,400
2024/09/29,DE-HH,49
2024/09/30,DE-HH,1180
2024/10/01,DE-HH,557
2024/10/02,DE-HH,456
2024/10/03,DE-HH,91
2024/10/04,DE-HH,206
2024/10/05,DE-HH,105
2024/10/06,DE-HH,125
2024/10/07,DE-HH,3
2024/10/08,DE-HH,44
2024/10/09,DE-HH,60
2024/10/10,DE-HH,3
2024/10/11,DE-HH,124
2024/10/12,DE-HH,2772
2024/10/13,DE-HH,403
2024/10/14,DE-HH,422
2024/10/15,DE-HH,1541
2024/10/16,DE-HH,163
2024/10/17,DE-HH,183
2024/10/18,DE-HH,251
2024/10/19,DE-HH,240
2024/10/20,DE-HH,119
2024/10/21,DE-HH,49
2024/10/22,DE-HH,112
2024/10/23,DE-HH,25
2024/10/24,DE-HH,145
2024/10/25,DE-HH,59
2024/10/26,DE-HH,149
2024/10/27,DE-HH,109
2024/10/28,DE-HH,40
2024/10/29,DE-HH,132
2024/10/30,DE-HH,90
2024/10/31,DE-HH,136
2024/11/01,DE-HH,331
2024/11/02,DE-HH,755
2024/11/03,DE-HH,73
2024/11/04,DE-HH,324
2024/11/05,DE-HH,40
2024/11/06,DE-HH,53
2024/11/07,DE-HH,152
2024/11/08,DE-HH,0
2024/11/09,DE-HH,94
2024/11/10,DE-HH,144
2024/11/11,DE-HH,50
2024/11/12,DE-HH,88
2024/11/13,DE-HH,84
2024/11/14,DE-HH,0
2024/11/15,DE-HH,56
2024/11/16,DE-HH,469
2024/11/17,DE-HH,0
2024/11/18,DE-HH,78
2024/11/19,DE-HH,15
2024/11/20,DE-HH,0
2024/11/21,DE-HH,0
2024/11/22,DE-HH,131
2024/11/23,DE-HH,128
2024/11/24,DE-HH,30
2024/11/25,DE-HH,109
2024/11/26,DE-HH,93
2024/11/27,DE-HH,36
2024/11/28,DE-HH,17
2024/11/29,DE-HH,0
2024/11/30,DE-HH,112
2024/12/01,DE-HH,93
2024/12/02,DE-HH,88
2024/12/03,DE-HH,6
2024/12/04,DE-HH,135
2024/12/05,DE-HH,1
2024/12/06,DE-HH,31
2024/12/07,DE-HH,27
2024/12/08,DE-HH,4
2024/12/09,DE-HH,23
2024/12/10,DE-HH,82
2024/12/11,DE-HH,1
2024/12/12,DE-HH,22
2024/12/13,DE-HH,265
2024/12/14,DE-HH,44
2024/12/15,DE-HH,27
2024/12/16,DE-HH,23
2024/12/17,DE-HH,5
2024/12/18,DE-HH,100
2024/12/19,DE-HH,201
2024/12/20,DE-HH,69
2024/12/21,DE-HH,169
2024/12/22,DE-HH,72
2024/12/23,DE-HH,125
2024/12/24,DE-HH,189
2024/12/25,DE-HH,111
2024/12/26,DE-HH,86
2024/12/27,DE-HH,151
2024/12/28,DE-HH,215
2024/12/29,DE-HH,129
2024/12/30,DE-HH,265
2024/12/31,DE-HH,323
2025/01/01,DE-HH,188
2025/01/02,DE-HH,386
2025/01/03,DE-HH,175
2025/01/04,DE-HH,239
2025/01/05,DE-HH,152
2025/01/06,DE-HH,42
2025/01/07,DE-HH,40
2025/01/08,DE-HH,26
2025/01/09,DE-HH,0
2025/01/10,DE-HH,203
2025/01/11,DE-HH,232
2025/01/12,DE-HH,391
2025/01/13,DE-HH,1
2025/01/14,DE-HH,94
2025/01/15,DE-HH,77
2025/01/16,DE-HH,0
2025/01/17,DE-HH,157
2025/01/18,DE-HH,189
2025/01/19,DE-HH,543
2025/01/20,DE-HH,44
2025/01/21,DE-HH,76
2025/01/22,DE-HH,159
2025/01/23,DE-HH,0
2025/01/24,DE-HH,49
2025/01/25,DE-HH,241
2025/01/26,DE-HH,1599
2025/01/27,DE-HH,171
2025/01/28,DE-HH,77
2025/01/29,DE-HH,0
2025/01/30,DE-HH,28
2025/01/31,DE-HH,176
2025/02/01,DE-HH,161
2025/02/02,DE-HH,530
2025/02/03,DE-HH,173
2025/02/04,DE-HH,0
2025/02/05,DE-HH,9
2025/02/06,DE-HH,123
2025/02/07,DE-HH,145
2025/02/08,DE-HH,146
2025/02/09,DE-HH,588
2025/02/10,DE-HH,234
2025/02/11,DE-HH,231
2025/02/12,DE-HH,0
2025/02/13,DE-HH,389
2025/02/14,DE-HH,46
2025/02/15,DE-HH,269
2025/02/16,DE-HH,135
2025/02/17,DE-HH,41
2025/02/18,DE-HH,15
2025/02/19,DE-HH,20
2025/02/20,DE-HH,128
2025/02/21,DE-HH,249
2025/02/22,DE-HH,458
2025/02/23,DE-HH,546
2025/02/24,DE-HH,65
2025/02/25,DE-HH,65
2025/02/26,DE-HH,12
2025/02/27,DE-HH,152
2025/02/28,DE-HH,98
2025/03/01,DE-HH,162
2025/03/02,DE-HH,314
2025/03/03,DE-HH,22
2025/03/04,DE-HH,170
2025/03/05,DE-HH,122
2025/03/06,DE-HH,79
2025/03/07,DE-HH,195
2025/03/08,DE-HH,354
2025/03/09,DE-HH,277
2025/03/10,DE-HH,7
2025/03/11,DE-HH,3
2025/03/12,DE-HH,330
2025/03/13,DE-HH,95
2025/03/14,DE-HH,72
2025/03/15,DE-HH,158
2025/03/16,DE-HH,220
2025/03/17,DE-HH,91
2025/03/18,DE-HH,304
2025/03/19,DE-HH,499
2025/03/20,DE-HH,188
2025/03/21,DE-HH,362
2025/03/22,DE-HH,149
2025/03/23,DE-HH,291
2025/03/24,DE-HH,587
2025/03/25,DE-HH,312
2025/03/26,DE-HH,115
2025/03/27,DE-HH,2165
2025/03/28,DE-HH,232
2025/03/29,DE-HH,63
2025/03/30,DE-HH,229
2025/03/31,DE-HH,169
2025/04/01,DE-HH,159
2025/04/02,DE-HH,101
2025/04/03,DE-HH,81
2025/04/04,DE-HH,107
2025/04/05,DE-HH,207
2025/04/06,DE-HH,49
2025/04/07,DE-HH,134
2025/04/08,DE-HH,18
2025/04/09,DE-HH,100
2025/04/10,DE-HH,59
2025/04/11,DE-HH,98
2025/04/12,DE-HH,691
2025/04/13,DE-HH,247
2025/04/14,DE-HH,268
2025/04/15,DE-HH,71
2025/04/16,DE-HH,366
2025/04/17,DE-HH,105
2025/04/18,DE-HH,127
2025/04/19,DE-HH,11396
2025/04/20,DE-HH,6490
2025/04/21,DE-HH,569
2025/04/22,DE-HH,87
2025/04/23,DE-HH,277
2025/04/24,DE-HH,200
2025/04/25,DE-HH,118
2025/04/26,DE-HH,521
2025/04/27,DE-HH,207
2025/04/28,DE-HH,116
2025/04/29,DE-HH,183
2025/04/30,DE-HH,91
2025/05/01,DE-HH,211
2025/05/02,DE-HH,184
2025/05/03,DE-HH,313
2025/05/04,DE-HH,121
2025/05/05,DE-HH,202
2025/05/06,DE-HH,176
2025/05/07,DE-HH,77
2025/05/08,DE-HH,86
2025/05/09,DE-HH,98
2025/05/10,DE-HH,371
2025/05/11,DE-HH,87
2025/05/12,DE-HH,96
2025/05/13,DE-HH,154
2025/05/14,DE-HH,178
2025/05/15,DE-HH,193
2025/05/16,DE-HH,111
2025/05/17,DE-HH,166
2025/05/18,DE-HH,246
2025/05/19,DE-HH,128
2025/05/20,DE-HH,46
2025/05/21,DE-HH,411
2025/05/22,DE-HH,79
2025/05/23,DE-HH,102
2025/05/24,DE-HH,170
2025/05/25,DE-HH,315
2025/05/26,DE-HH,0
2025/05/27,DE-HH,10
2025/05/28,DE-HH,134
2025/05/29,DE-HH,318
2025/05/30,DE-HH,46
2025/05/31,DE-HH,101
2025/06/01,DE-HH,188
2025/06/02,DE-HH,308
2025/06/03,DE-HH,177
2025/06/04,DE-HH,116
2025/06/05,DE-HH,211
2025/06/06,DE-HH,71
2025/06/07,DE-HH,116
2025/06/08,DE-HH,322
2025/06/09,DE-HH,324
2025/06/10,DE-HH,390
2025/06/11,DE-HH,358
2025/06/12,DE-HH,159
2025/06/13,DE-HH,71
2025/06/14,DE-HH,372
2025/06/15,DE-HH,114
2025/06/16,DE-HH,374
2025/06/17,DE-HH,131
2025/06/18,DE-HH,749
2025/06/19,DE-HH,86
2025/06/20,DE-HH,226
2025/06/21,DE-HH,415
2025/06/22,DE-HH,34
2025/06/23,DE-HH,432
2025/06/24,DE-HH,156
2025/06/25,DE-HH,175
2025/06/26,DE-HH,151
2025/06/27,DE-HH,51
2025/06/28,DE-HH,140
2025/06/29,DE-HH,130
2025/06/30,DE-HH,119
2025/07/01,DE-HH,114
2025/07/02,DE-HH,59
2025/07/03,DE-HH,52
2025/07/04,DE-HH,192
2025/07/05,DE-HH,163
2025/07/06,DE-HH,117
2025/07/07,DE-HH,34
2025/07/08,DE-HH,64
2025/07/09,DE-HH,81
2025/07/10,DE-HH,47
2025/07/11,DE-HH,230
2025/07/12,DE-HH,96
2025/07/13,DE-HH,115
2025/07/14,DE-HH,179
2025/07/15,DE-HH,309
2025/07/16,DE-HH,157
2025/07/17,DE-HH,98
2025/07/18,DE-HH,118
2025/07/19,DE-HH,2312
2025/07/20,DE-HH,251
2025/07/21,DE-HH,210
2025/07/22,DE-HH,45
2025/07/23,DE-HH,21
2025/07/24,DE-HH,110
2025/07/25,DE-HH,211
2025/07/26,DE-HH,107
2025/07/27,DE-HH,0
2025/07/28,DE-HH,494
2025/07/29,DE-HH,15
2025/07/30,DE-HH,278
2025/07/31,DE-HH,197
2025/08/01,DE-HH,18
2025/08/02,DE-HH,48
2025/08/03,DE-HH,48
2025/08/04,DE-HH,95
2025/08/05,DE-HH,62
2025/08/06,DE-HH,9
2025/08/07,DE-HH,126
2025/08/08,DE-HH,82
2025/08/09,DE-HH,247
2025/08/10,DE-HH,610
2025/08/11,DE-HH,27
2025/08/12,DE-HH,6
2025/08/13,DE-HH,220
2025/08/14,DE-HH,74
2025/08/15,DE-HH,78
2025/08/16,DE-HH,9
2025/08/17,DE-HH,855
2025/08/18,DE-HH,65
2025/08/19,DE-HH,8
2025/08/20,DE-HH,152
2025/08/21,DE-HH,25
2025/08/22,DE-HH,0
2025/08/23,DE-HH,21
2025/08/24,DE-HH,780
2025/08/25,DE-HH,3
2025/08/26,DE-HH,37
2025/08/27,DE-HH,192
2025/08/28,DE-HH,0
2025/08/29,DE-HH,50
2025/08/30,DE-HH,34
2025/08/31,DE-HH,30
2025/09/01,DE-HH,19
2025/09/02,DE-HH,100
2025/09/03,DE-HH,59
2025/09/04,DE-HH,0
2025/09/05,DE-HH,28
2025/09/06,DE-HH,55
2025/09/07,DE-HH,174
2025/09/08,DE-HH,96
2025/09/09,DE-HH,62
2025/09/10,DE-HH,65
2025/09/11,DE-HH,64
2025/09/12,DE-HH,24
2025/09/13,DE-HH,6
2025/09/14,DE-HH,610
2025/09/15,DE-HH,973
2025/09/16,DE-HH,16
2025/09/17,DE-HH,788
2025/09/18,DE-HH,0
2025/09/19,DE-HH,104
2025/09/20,DE-HH,197
2025/09/21,DE-HH,352
2025/09/22,DE-HH,85
2025/09/23,DE-HH,119
2025/09/24,DE-HH,106
2025/09/25,DE-HH,86
2025/09/26,DE-HH,1848
2025/09/27,DE-HH,173
2025/09/28,DE-HH,159
2025/09/29,DE-HH,64
2025/09/30,DE-HH,731
2025/10/01,DE-HH,273
2025/10/02,DE-HH,43
2025/10/03,DE-HH,246
2025/10/04,DE-HH,52
2025/10/05,DE-HH,94
2025/10/06,DE-HH,42
2025/10/07,DE-HH,20
2025/10/08,DE-HH,49
2025/10/09,DE-HH,728
2025/10/10,DE-HH,156
2025/10/11,DE-HH,463
2025/10/12,DE-HH,414
2025/10/13,DE-HH,212
2025/10/14,DE-HH,123
2025/10/15,DE-HH,140
2025/10/16,DE-HH,280
2025/10/17,DE-HH,118
2025/10/18,DE-HH,441
2025/10/19,DE-HH,101
2025/10/20,DE-HH,266
2025/10/21,DE-HH,66
2025/10/22,DE-HH,95
2025/10/23,DE-HH,67
2025/10/24,DE-HH,273
2025/10/25,DE-HH,33
2025/10/26,DE-HH,8
2025/10/27,DE-HH,69
2025/10/28,DE-HH,0
2025/10/29,DE-HH,88
2025/10/30,DE-HH,21
2025/10/31,DE-HH,944
2025/11/01,DE-HH,390
2025/11/02,DE-HH,293
2025/11/03,DE-HH,9
2025/11/04,DE-HH,54
2025/11/05,DE-HH,118
2025/11/06,DE-HH,59
2025/11/07,DE-HH,90
2025/11/08,DE-HH,553
2025/11/09,DE-HH,1043
2025/11/10,DE-HH,141
2025/11/11,DE-HH,39
2025/11/12,DE-HH,24
2025/11/13,DE-HH,223
2025/11/14,DE-HH,0
2025/11/15,DE-HH,160
2025/11/16,DE-HH,286
2025/11/17,DE-HH,1129
2025/11/18,DE-HH,115
2025/11/19,DE-HH,75
2025/11/20,DE-HH,26
2025/11/21,DE-HH,8
2025/11/22,DE-HH,231
2025/11/23,DE-HH,235
2025/11/24,DE-HH,125
2025/11/25,DE-HH,281
2025/11/26,DE-HH,38
2025/11/27,DE-HH,10
2025/11/28,DE-HH,38
2025/11/29,DE-HH,341
2025/11/30,DE-HH,243
2025/12/01,DE-HH,92
2025/12/02,DE-HH,534
2025/12/03,DE-HH,38
2025/12/04,DE-HH,12
2025/12/05,DE-HH,217
2025/12/06,DE-HH,92
2025/12/07,DE-HH,783
2025/12/08,DE-HH,94
2025/12/09,DE-HH,3
2025/12/10,DE-HH,86
2025/12/11,DE-HH,403
2025/12/12,DE-HH,31
2025/12/13,DE-HH,110
2025/12/14,DE-HH,165
2025/12/15,DE-HH,51
2025/12/16,DE-HH,61
2025/12/17,DE-HH,166
2025/12/18,DE-HH,298
2025/12/19,DE-HH,431
2025/12/20,DE-HH,78
2025/12/21,DE-HH,280
2025/12/22,DE-HH,243
2025/12/23,DE-HH,61
2025/12/24,DE-HH,593
2025/12/25,DE-HH,184
2025/12/26,DE-HH,188
2025/12/27,DE-HH,230
2025/12/28,DE-HH,149
2025/12/29,DE-HH,85
2025/12/30,DE-HH,31
2025/12/31,DE-HH,23
